species,id,dark_adapted_flourescence,water_potential_predawn,water_potential_midday,date
ceol,44,0.59,0.638,0.601,3/7/2022
ceol,44,0.7,0.638,0.601,3/7/2022
ceol,44,0.68,0.638,0.601,3/7/2022
ceol,49,0.72,,0.75,3/7/2022
ceol,49,0.71,,0.75,3/7/2022
ceol,49,0.72,,0.75,3/7/2022
ceol,39,0.78,0.169,0.683,3/7/2022
ceol,39,0.78,0.169,0.683,3/7/2022
ceol,39,0.76,0.169,0.683,3/7/2022
ceol,36,0.75,,0.814,3/7/2022
ceol,36,0.76,,0.814,3/7/2022
ceol,36,0.73,,0.814,3/7/2022
ceol,33,0.74,0.599,0.638,3/7/2022
ceol,33,0.76,0.599,0.638,3/7/2022
ceol,33,0.65,0.599,0.638,3/7/2022
rhov,26,0.62,0.198,0.305,3/7/2022
rhov,26,0.69,0.198,0.305,3/7/2022
rhov,26,0.65,0.198,0.305,3/7/2022
rhov,13,0.67,0.089,0.104,3/7/2022
rhov,13,0.71,0.089,0.104,3/7/2022
rhov,13,0.66,0.089,0.104,3/7/2022
rhov,49,0.71,0.189,0.1,3/7/2022
rhov,49,0.75,0.189,0.1,3/7/2022
rhov,49,0.7,0.189,0.1,3/7/2022
rhov,29,0.69,0.142,0.33,3/7/2022
rhov,29,0.75,0.142,0.33,3/7/2022
rhov,29,0.7,0.142,0.33,3/7/2022
rhov,43,0.76,0.312,0.135,3/7/2022
rhov,43,0.73,0.312,0.135,3/7/2022
rhov,43,0.75,0.312,0.135,3/7/2022
hear,1,0.8,0.95,1.2,3/7/2022
hear,1,0.79,0.95,1.2,3/7/2022
hear,1,0.76,0.95,1.2,3/7/2022
hear,5,0.72,0.087,0.927,3/7/2022
hear,5,0.77,0.087,0.927,3/7/2022
hear,5,0.75,0.087,0.927,3/7/2022
hear,11,0.75,0.125,0.84,3/7/2022
hear,11,0.8,0.125,0.84,3/7/2022
hear,11,0.81,0.125,0.84,3/7/2022
hear,17,0.76,0.887,0.814,3/7/2022
hear,17,0.79,0.887,0.814,3/7/2022
hear,17,0.71,0.887,0.814,3/7/2022
hear,7,0.79,0.404,0.845,3/7/2022
hear,7,0.77,0.404,0.845,3/7/2022
hear,7,0.76,0.404,0.845,3/7/2022
rhov,42,0.75,,,3/13/2022
rhov,42,0.73,,,3/13/2022
rhov,42,0.73,,,3/13/2022
ceol,20,0.78,,,3/13/2022
ceol,20,0.77,,,3/13/2022
ceol,20,0.77,,,3/13/2022
ceol,21,0.7,,,3/13/2022
ceol,21,0.61,,,3/13/2022
ceol,21,0.7,,,3/13/2022
rhov,11,0.77,,,3/13/2022
rhov,11,0.7,,,3/13/2022
rhov,11,0.66,,,3/13/2022
rhov,39,0.76,,,3/13/2022
rhov,39,0.75,,,3/13/2022
rhov,39,0.78,,,3/13/2022
rhov,38,0.71,,,3/13/2022
rhov,38,0.71,,,3/13/2022
rhov,38,0.7,,,3/13/2022
rhov,34,0.78,,,3/13/2022
rhov,34,0.76,,,3/13/2022
rhov,34,0.78,,,3/13/2022
ceol,12,0.6,,,3/13/2022
ceol,12,0.6,,,3/13/2022
ceol,12,0.59,,,3/13/2022
ceol,1,0.56,,,3/13/2022
ceol,1,0.44,,,3/13/2022
ceol,1,0.61,,,3/13/2022
ceol,17,0.74,,,3/13/2022
ceol,17,0.58,,,3/13/2022
ceol,17,0.69,,,3/13/2022
hear,14,0.63,,,3/13/2022
hear,14,0.67,,,3/13/2022
hear,14,0.67,,,3/13/2022
hear,10,0.76,,,3/13/2022
hear,10,0.76,,,3/13/2022
hear,10,0.74,,,3/13/2022
hear,6,0.8,,,3/13/2022
hear,6,0.77,,,3/13/2022
hear,6,0.76,,,3/13/2022
hear,8,0.77,,,3/13/2022
hear,8,0.76,,,3/13/2022
hear,8,0.76,,,3/13/2022
hear,18,0.82,,,3/13/2022
hear,18,0.77,,,3/13/2022
hear,18,0.79,,,3/13/2022
ceol,31,0.79,,,3/13/2022
ceol,31,0.69,,,3/13/2022
ceol,31,0.75,,,3/13/2022
ceol,18,0.76,,,3/13/2022
ceol,18,0.75,,,3/13/2022
ceol,18,0.72,,,3/13/2022
ceol,28,0.76,,,3/13/2022
ceol,28,0.75,,,3/13/2022
ceol,28,0.77,,,3/13/2022
ceol,45,0.75,,,3/13/2022
ceol,45,0.74,,,3/13/2022
rhov,44,0.77,,,3/13/2022
rhov,44,0.77,,,3/13/2022
rhov,44,0.76,,,3/13/2022
rhov,48,0.74,,,3/13/2022
rhov,48,0.73,,,3/13/2022
rhov,48,0.65,,,3/13/2022
ceol,19,0.7,,,3/13/2022
ceol,19,0.75,,,3/13/2022
ceol,19,0.73,,,3/13/2022
ceol,29,0.74,,,3/13/2022
ceol,29,0.75,,,3/13/2022
ceol,29,0.72,,,3/13/2022
rhov,17,0.63,,,3/13/2022
rhov,17,0.49,,,3/13/2022
rhov,17,0.54,,,3/13/2022
ceol,2,0.65,,,3/13/2022
ceol,2,0.66,,,3/13/2022
ceol,2,0.7,,,3/13/2022
rhov,14,0.71,,,3/13/2022
rhov,14,0.74,,,3/13/2022
rhov,14,0.7,,,3/13/2022
rhov,35,0.76,,,3/13/2022
rhov,35,0.68,,,3/13/2022
rhov,35,0.75,,,3/13/2022
ceol,24,0.7,,,3/13/2022
ceol,24,0.66,,,3/13/2022
ceol,24,0.7,,,3/13/2022
hear,2,0.73,,,3/13/2022
ceol,45,0.76,,,3/13/2022
ceol,25,0.61,,,3/13/2022
ceol,25,0.66,,,3/13/2022
ceol,25,0.64,,,3/13/2022
hear,24,0.75,,,3/13/2022
hear,24,0.76,,,3/13/2022
hear,24,0.8,,,3/13/2022
rhov,56,0.69,,,3/13/2022
rhov,56,0.68,,,3/13/2022
rhov,56,0.7,,,3/13/2022
rhov,9,0.8,,,3/13/2022
rhov,9,0.77,,,3/13/2022
rhov,9,0.67,,,3/13/2022
hear,3,0.78,,,3/13/2022
hear,3,0.75,,,3/13/2022
hear,3,0.8,,,3/13/2022
rhov,10,0.75,,,3/13/2022
rhov,10,0.74,,,3/13/2022
rhov,10,0.74,,,3/13/2022
hear,21,0.77,,,3/13/2022
hear,21,0.73,,,3/13/2022
hear,21,0.73,,,3/13/2022
hear,4,0.7,,,3/13/2022
hear,4,0.71,,,3/13/2022
hear,4,0.74,,,3/13/2022
hear,15,0.77,,,3/13/2022
hear,15,0.73,,,3/13/2022
hear,15,0.73,,,3/13/2022
hear,2,0.72,,,3/13/2022
hear,2,0.78,,,3/13/2022
hear,13,0.74,,,3/13/2022
hear,13,0.75,,,3/13/2022
hear,13,0.8,,,3/13/2022
hear,22,0.76,,,3/13/2022
hear,22,0.77,,,3/13/2022
hear,22,0.75,,,3/13/2022
hear,20,0.79,,,3/13/2022
hear,20,0.75,,,3/13/2022
hear,20,0.76,,,3/13/2022
rhov,21,0.78,,,3/13/2022
rhov,21,0.77,,,3/13/2022
rhov,21,0.78,,,3/13/2022
ceol,6,0.57,,,3/11/2022
rhov,48,0.68,,,3/11/2022
rhov,48,0.71,,,3/11/2022
rhov,48,0.71,,,3/11/2022
rhov,9,0.66,,,3/11/2022
rhov,9,0.77,,,3/11/2022
rhov,9,0.74,,,3/11/2022
hear,24,0.81,,,3/11/2022
hear,24,0.75,,,3/11/2022
hear,24,0.77,,,3/11/2022
rhov,30,0.77,,,3/11/2022
rhov,30,0.71,,,3/11/2022
rhov,30,0.68,,,3/11/2022
rhov,12,0.75,,,3/11/2022
rhov,12,0.67,,,3/11/2022
rhov,12,0.72,,,3/11/2022
ceol,30,0.62,,,3/11/2022
ceol,30,0.72,,,3/11/2022
ceol,30,0.69,,,3/11/2022
rhov,44,0.72,,,3/11/2022
rhov,44,0.74,,,3/11/2022
rhov,44,0.75,,,3/11/2022
ceol,42,0.73,,,3/11/2022
ceol,42,0.64,,,3/11/2022
ceol,42,0.71,,,3/11/2022
hear,20,0.79,,,3/11/2022
hear,20,0.76,,,3/11/2022
hear,20,0.77,,,3/11/2022
rhov,45,0.64,,,3/11/2022
rhov,45,0.69,,,3/11/2022
rhov,45,0.65,,,3/11/2022
rhov,42,0.76,,,3/11/2022
rhov,42,0.76,,,3/11/2022
rhov,42,0.74,,,3/11/2022
rhov,38,0.71,,,3/11/2022
rhov,38,0.71,,,3/11/2022
rhov,38,0.7,,,3/11/2022
rhov,24,0.74,,,3/11/2022
rhov,24,0.79,,,3/11/2022
rhov,24,0.79,,,3/11/2022
rhov,32,0.74,,,3/11/2022
rhov,32,0.79,,,3/11/2022
rhov,32,0.68,,,3/11/2022
rhov,28,0.72,,,3/11/2022
rhov,28,0.74,,,3/11/2022
rhov,28,0.68,,,3/11/2022
rhov,11,0.73,,,3/11/2022
rhov,11,0.71,,,3/11/2022
rhov,11,0.73,,,3/11/2022
rhov,34,0.8,,,3/11/2022
rhov,34,0.75,,,3/11/2022
rhov,34,0.76,,,3/11/2022
hear,6,0.79,,,3/11/2022
hear,6,0.79,,,3/11/2022
hear,6,0.81,,,3/11/2022
hear,10,0.78,,,3/11/2022
hear,18,0.79,,,3/11/2022
hear,22,0.81,,,3/11/2022
hear,22,0.78,,,3/11/2022
hear,22,0.76,,,3/11/2022
ceol,41,0.76,,,3/11/2022
ceol,41,0.74,,,3/11/2022
ceol,41,0.72,,,3/11/2022
ceol,19,0.69,,,3/11/2022
ceol,19,0.7,,,3/11/2022
ceol,19,0.79,,,3/11/2022
ceol,17,0.7,,,3/11/2022
ceol,17,0.71,,,3/11/2022
ceol,17,0.67,,,3/11/2022
ceol,40,0.76,,,3/11/2022
ceol,40,0.74,,,3/11/2022
ceol,40,0.75,,,3/11/2022
ceol,20,0.8,,,3/11/2022
ceol,20,0.71,,,3/11/2022
ceol,20,0.76,,,3/11/2022
rhov,41,0.76,,,3/11/2022
rhov,41,0.74,,,3/11/2022
rhov,41,0.72,,,3/11/2022
ceol,21,0.52,,,3/11/2022
ceol,21,0.65,,,3/11/2022
ceol,21,0.62,,,3/11/2022
ceol,16,0.7,,,3/11/2022
ceol,16,0.72,,,3/11/2022
ceol,16,0.65,,,3/11/2022
hear,10,0.75,,,3/11/2022
hear,10,0.75,,,3/11/2022
hear,13,0.77,,,3/11/2022
hear,13,0.77,,,3/11/2022
hear,13,0.78,,,3/11/2022
hear,8,0.8,,,3/11/2022
hear,8,0.78,,,3/11/2022
hear,8,0.76,,,3/11/2022
hear,25,0.75,,,3/11/2022
hear,25,0.74,,,3/11/2022
hear,25,0.73,,,3/11/2022
hear,12,0.76,,,3/11/2022
hear,12,0.78,,,3/11/2022
hear,12,0.83,,,3/11/2022
hear,16,0.8,,,3/11/2022
hear,16,0.78,,,3/11/2022
hear,16,0.75,,,3/11/2022
rhov,31,0.77,,,3/11/2022
rhov,31,0.6,,,3/11/2022
rhov,31,0.67,,,3/11/2022
rhov,39,0.78,,,3/11/2022
rhov,39,0.77,,,3/11/2022
rhov,39,0.71,,,3/11/2022
hear,14,0.69,,,3/11/2022
hear,14,0.7,,,3/11/2022
hear,14,0.71,,,3/11/2022
hear,18,0.77,,,3/11/2022
hear,18,0.78,,,3/11/2022
hear,23,0.8,,,3/11/2022
hear,23,0.78,,,3/11/2022
hear,23,0.76,,,3/11/2022
rhov,50,0.68,,,3/11/2022
rhov,50,0.66,,,3/11/2022
rhov,50,0.7,,,3/11/2022
hear,21,0.76,,,3/11/2022
hear,21,0.64,,,3/11/2022
hear,21,0.77,,,3/11/2022
rhov,2,0.71,,,3/11/2022
rhov,2,0.64,,,3/11/2022
rhov,2,0.73,,,3/11/2022
hear,3,0.79,,,3/11/2022
hear,3,0.75,,,3/11/2022
hear,3,0.7,,,3/11/2022
ceol,28,0.74,,,3/11/2022
ceol,28,0.86,,,3/11/2022
ceol,28,0.76,,,3/11/2022
rhov,10,0.77,,,3/11/2022
rhov,10,0.75,,,3/11/2022
rhov,10,0.7,,,3/11/2022
hear,4,0.64,,,3/11/2022
hear,4,0.65,,,3/11/2022
hear,4,0.66,,,3/11/2022
rhov,22,0.61,,,3/11/2022
rhov,22,0.62,,,3/11/2022
rhov,22,0.74,,,3/11/2022
ceol,45,0.73,,,3/11/2022
ceol,45,0.68,,,3/11/2022
ceol,45,0.71,,,3/11/2022
ceol,18,0.73,,,3/11/2022
ceol,18,0.7,,,3/11/2022
ceol,18,0.64,,,3/11/2022
hear,2,0.77,,,3/11/2022
hear,2,0.72,,,3/11/2022
hear,2,0.75,,,3/11/2022
ceol,35,0.71,,,3/11/2022
ceol,35,0.63,,,3/11/2022
ceol,35,0.68,,,3/11/2022
hear,15,0.74,,,3/11/2022
hear,15,0.71,,,3/11/2022
hear,15,0.75,,,3/11/2022
ceol,25,0.68,,,3/11/2022
ceol,25,0.56,,,3/11/2022
ceol,25,0.57,,,3/11/2022
hear,9,0.7,,,3/11/2022
hear,9,0.72,,,3/11/2022
hear,9,0.77,,,3/11/2022
ceol,43,0.72,,,3/11/2022
ceol,43,0.72,,,3/11/2022
ceol,43,0.72,,,3/11/2022
ceol,31,0.78,,,3/11/2022
ceol,31,0.73,,,3/11/2022
ceol,31,0.77,,,3/11/2022
ceol,6,0.68,,,3/11/2022
ceol,6,0.65,,,3/11/2022
ceol,1,0.68,,,3/11/2022
ceol,1,0.49,,,3/11/2022
ceol,1,0.63,,,3/11/2022
ceol,13,0.66,,,3/11/2022
ceol,13,0.71,,,3/11/2022
ceol,13,0.68,,,3/11/2022
ceol,12,0.56,,,3/11/2022
ceol,12,0.67,,,3/11/2022
ceol,12,0.62,,,3/11/2022
hear,20,0.79,,,3/15/2022
hear,20,0.78,,,3/15/2022
hear,20,0.76,,,3/15/2022
ceol,28,0.79,,,3/15/2022
ceol,28,0.77,,,3/15/2022
ceol,28,0.76,,,3/15/2022
rhov,35,0.78,,,3/15/2022
rhov,35,0.71,,,3/15/2022
rhov,35,0.75,,,3/15/2022
hear,24,0.79,,,3/15/2022
hear,24,0.78,,,3/15/2022
hear,24,0.81,,,3/15/2022
ceol,29,0.76,,,3/15/2022
ceol,29,0.77,,,3/15/2022
ceol,29,0.76,,,3/15/2022
ceol,31,0.75,,,3/15/2022
ceol,31,0.78,,,3/15/2022
ceol,31,0.77,,,3/15/2022
hear,15,0.79,,,3/15/2022
hear,15,0.73,,,3/15/2022
hear,15,0.75,,,3/15/2022
rhov,21,0.76,,,3/15/2022
rhov,21,0.74,,,3/15/2022
rhov,21,0.78,,,3/15/2022
rhov,48,0.76,,,3/15/2022
rhov,48,0.68,,,3/15/2022
rhov,48,0.73,,,3/15/2022
hear,3,0.78,,,3/15/2022
hear,3,0.76,,,3/15/2022
hear,3,0.8,,,3/15/2022
rhov,50,0.75,,,3/15/2022
rhov,50,0.71,,,3/15/2022
rhov,50,0.71,,,3/15/2022
rhov,9,0.78,,,3/15/2022
rhov,9,0.74,,,3/15/2022
rhov,9,0.76,,,3/15/2022
ceol,45,0.75,,,3/15/2022
ceol,45,0.73,,,3/15/2022
ceol,45,0.68,,,3/15/2022
rhov,14,0.73,,,3/15/2022
rhov,14,0.71,,,3/15/2022
hear,14,0.74,,,3/15/2022
hear,14,0.73,,,3/15/2022
hear,14,0.78,,,3/15/2022
ceol,20,0.8,,,3/15/2022
ceol,20,0.73,,,3/15/2022
ceol,20,0.79,,,3/15/2022
ceol,21,0.67,,,3/15/2022
ceol,21,0.59,,,3/15/2022
ceol,21,0.64,,,3/15/2022
rhov,17,0.64,,,3/15/2022
rhov,17,0.24,,,3/15/2022
rhov,17,0.56,,,3/15/2022
hear,22,0.79,,,3/15/2022
hear,22,0.79,,,3/15/2022
hear,22,0.78,,,3/15/2022
rhov,38,0.75,,,3/15/2022
rhov,38,0.73,,,3/15/2022
rhov,38,0.74,,,3/15/2022
hear,10,0.78,,,3/15/2022
hear,10,0.81,,,3/15/2022
hear,10,0.72,,,3/15/2022
rhov,11,0.73,,,3/15/2022
rhov,11,0.75,,,3/15/2022
rhov,11,0.76,,,3/15/2022
rhov,42,0.79,,,3/15/2022
rhov,42,0.81,,,3/15/2022
rhov,42,0.73,,,3/15/2022
ceol,1,0.65,,,3/15/2022
ceol,1,0.6,,,3/15/2022
ceol,1,0.62,,,3/15/2022
ceol,18,0.75,,,3/15/2022
ceol,18,0.74,,,3/15/2022
ceol,18,0.76,,,3/15/2022
hear,21,0.76,,,3/15/2022
hear,21,0.73,,,3/15/2022
hear,21,0.77,,,3/15/2022
rhov,44,0.77,,,3/15/2022
rhov,44,0.8,,,3/15/2022
rhov,44,0.78,,,3/15/2022
ceol,25,0.65,,,3/15/2022
ceol,25,0.66,,,3/15/2022
ceol,25,0.69,,,3/15/2022
hear,4,0.72,,,3/15/2022
hear,4,0.72,,,3/15/2022
hear,4,0.56,,,3/15/2022
ceol,24,0.71,,,3/15/2022
ceol,24,0.7,,,3/15/2022
ceol,24,0.74,,,3/15/2022
rhov,10,0.77,,,3/15/2022
rhov,10,0.74,,,3/15/2022
rhov,10,0.76,,,3/15/2022
hear,2,0.77,,,3/15/2022
hear,2,0.8,,,3/15/2022
hear,2,0.77,,,3/15/2022
ceol,2,0.74,,,3/15/2022
ceol,2,0.73,,,3/15/2022
ceol,2,0.63,,,3/15/2022
rhov,34,0.82,,,3/15/2022
rhov,34,0.78,,,3/15/2022
rhov,34,0.77,,,3/15/2022
hear,13,0.78,,,3/15/2022
hear,13,0.77,,,3/15/2022
hear,13,0.81,,,3/15/2022
ceol,17,0.78,,,3/15/2022
ceol,17,0.75,,,3/15/2022
ceol,17,0.75,,,3/15/2022
rhov,39,0.8,,,3/15/2022
rhov,39,0.77,,,3/15/2022
rhov,39,0.75,,,3/15/2022
ceol,12,0.54,,,3/15/2022
ceol,12,0.6,,,3/15/2022
ceol,12,0.64,,,3/15/2022
ceol,19,0.74,,,3/15/2022
ceol,19,0.73,,,3/15/2022
ceol,19,0.74,,,3/15/2022
hear,6,0.8,,,3/15/2022
hear,6,0.79,,,3/15/2022
hear,6,0.8,,,3/15/2022
hear,8,0.78,,,3/15/2022
hear,8,0.61,,,3/15/2022
hear,8,0.8,,,3/15/2022
rhov,14,0.69,,,3/15/2022
rhov,48,0.77,,,3/15/2022
rhov,48,0.74,,,3/15/2022
hear,9,0.72,,,3/15/2022
hear,9,0.74,,,3/15/2022
hear,9,0.66,,,3/15/2022
hear,24,0.78,,,3/15/2022
hear,24,0.8,,,3/15/2022
hear,24,0.67,,,3/15/2022
hear,15,0.76,,,3/15/2022
hear,15,0.77,,,3/15/2022
hear,15,0.62,,,3/15/2022
hear,23,0.8,,,3/15/2022
hear,23,0.76,,,3/15/2022
hear,23,0.63,,,3/15/2022
hear,4,0.71,,,3/15/2022
hear,4,0.94,,,3/15/2022
hear,4,0.61,,,3/15/2022
rhov,25,0.72,,,3/15/2022
rhov,25,0.71,,,3/15/2022
rhov,25,0.76,,,3/15/2022
rhov,14,0.75,,,3/15/2022
rhov,14,0.7,,,3/15/2022
rhov,14,0.76,,,3/15/2022
rhov,10,0.77,,,3/15/2022
rhov,10,0.74,,,3/15/2022
rhov,10,0.72,,,3/15/2022
rhov,44,0.77,,,3/15/2022
rhov,44,0.77,,,3/15/2022
ceol,18,0.74,,,3/17/2022
ceol,18,0.74,,,3/17/2022
ceol,18,0.69,,,3/17/2022
ceol,45,0.73,,,3/17/2022
ceol,45,0.74,,,3/17/2022
ceol,45,0.68,,,3/17/2022
ceol,30,0.75,,,3/17/2022
ceol,30,0.76,,,3/17/2022
ceol,30,0.76,,,3/17/2022
ceol,25,0.69,,,3/17/2022
ceol,25,0.65,,,3/17/2022
ceol,25,0.64,,,3/17/2022
ceol,31,0.77,,,3/17/2022
ceol,31,0.59,,,3/17/2022
ceol,31,0.71,,,3/17/2022
ceol,43,0.86,,,3/17/2022
ceol,43,0.74,,,3/17/2022
ceol,43,0.7,,,3/17/2022
hear,21,0.77,,,3/17/2022
hear,21,0.66,,,3/17/2022
hear,21,0.77,,,3/17/2022
hear,3,0.76,,,3/17/2022
hear,3,0.76,,,3/17/2022
hear,3,0.71,,,3/17/2022
ceol,28,0.76,,,3/17/2022
ceol,28,0.75,,,3/17/2022
ceol,28,0.7,,,3/17/2022
rhov,48,0.75,,,3/17/2022
rhov,11,0.72,,,3/17/2022
rhov,11,0.68,,,3/17/2022
rhov,24,0.75,,,3/17/2022
rhov,24,0.78,,,3/17/2022
rhov,24,0.78,,,3/17/2022
ceol,20,0.82,,,3/17/2022
ceol,20,0.76,,,3/17/2022
ceol,20,0.75,,,3/17/2022
hear,6,0.79,,,3/17/2022
hear,6,0.73,,,3/17/2022
hear,6,0.75,,,3/17/2022
rhov,38,0.72,,,3/17/2022
rhov,38,0.7,,,3/17/2022
rhov,38,0.75,,,3/17/2022
hear,18,0.77,,,3/17/2022
hear,18,0.77,,,3/17/2022
hear,18,0.83,,,3/17/2022
ceol,12,0.88,,,3/17/2022
ceol,12,0.63,,,3/17/2022
ceol,12,0.6,,,3/17/2022
ceol,41,0.77,,,3/17/2022
ceol,41,0.65,,,3/17/2022
ceol,41,0.75,,,3/17/2022
hear,8,0.81,,,3/17/2022
hear,8,0.74,,,3/17/2022
hear,8,0.71,,,3/17/2022
hear,10,0.8,,,3/17/2022
hear,10,0.77,,,3/17/2022
rhov,44,0.74,,,3/17/2022
rhov,9,0.78,,,3/17/2022
rhov,9,0.79,,,3/17/2022
rhov,50,0.77,,,3/17/2022
rhov,50,0.71,,,3/17/2022
rhov,50,0.7,,,3/17/2022
ceol,40,0.75,,,3/17/2022
ceol,40,0.78,,,3/17/2022
ceol,40,0.72,,,3/17/2022
rhov,42,0.71,,,3/17/2022
rhov,42,0.77,,,3/17/2022
rhov,42,0.77,,,3/17/2022
rhov,34,0.79,,,3/17/2022
rhov,34,0.76,,,3/17/2022
rhov,34,0.79,,,3/17/2022
hear,12,0.8,,,3/17/2022
hear,12,0.73,,,3/17/2022
hear,12,0.8,,,3/17/2022
rhov,39,0.8,,,3/17/2022
rhov,39,0.75,,,3/17/2022
rhov,39,0.77,,,3/17/2022
rhov,28,0.76,,,3/17/2022
rhov,28,0.76,,,3/17/2022
rhov,28,0.71,,,3/17/2022
hear,14,0.6,,,3/17/2022
hear,14,0.69,,,3/17/2022
hear,14,0.6,,,3/17/2022
rhov,11,0.81,,,3/17/2022
hear,10,0.72,,,3/17/2022
hear,16,0.76,,,3/17/2022
hear,16,0.75,,,3/17/2022
hear,16,0.7,,,3/17/2022
ceol,17,0.76,,,3/17/2022
ceol,17,0.57,,,3/17/2022
ceol,17,0.56,,,3/17/2022
ceol,21,0.68,,,3/17/2022
ceol,21,0.63,,,3/17/2022
ceol,21,0.65,,,3/17/2022
ceol,1,0.61,,,3/17/2022
ceol,1,0.63,,,3/17/2022
ceol,1,0.67,,,3/17/2022
ceol,9,0.71,,,3/21/2022
ceol,9,0.56,,,3/21/2022
ceol,9,0.64,,,3/21/2022
hear,13,0.79,,,3/21/2022
hear,13,0.67,,,3/21/2022
hear,13,0.63,,,3/21/2022
rhov,11,0.74,,,3/21/2022
rhov,11,0.75,,,3/21/2022
rhov,11,0.67,,,3/21/2022
ceol,15,0.44,,,3/21/2022
ceol,15,0.4,,,3/21/2022
ceol,15,0.33,,,3/21/2022
ceol,1,0.46,,,3/21/2022
ceol,1,0.7,,,3/21/2022
ceol,1,0.6,,,3/21/2022
hear,10,0.7,,,3/21/2022
hear,10,0.57,,,3/21/2022
hear,10,0.6,,,3/21/2022
hear,6,0.79,,,3/21/2022
hear,6,0.75,,,3/21/2022
hear,6,0.61,,,3/21/2022
hear,22,0.75,,,3/21/2022
hear,22,0.72,,,3/21/2022
hear,22,0.66,,,3/21/2022
ceol,17,0.71,,,3/21/2022
ceol,17,0.61,,,3/21/2022
ceol,17,0.57,,,3/21/2022
rhov,39,0.71,,,3/21/2022
rhov,39,0.77,,,3/21/2022
rhov,39,0.78,,,3/21/2022
rhov,42,0.76,,,3/21/2022
rhov,42,0.77,,,3/21/2022
rhov,42,0.6,,,3/21/2022
hear,8,0.75,,,3/21/2022
hear,8,0.73,,,3/21/2022
hear,8,0.7,,,3/21/2022
ceol,45,0.76,,,3/21/2022
ceol,45,0.72,,,3/21/2022
ceol,45,0.71,,,3/21/2022
rhov,38,0.77,,,3/21/2022
rhov,38,0.73,,,3/21/2022
rhov,38,0.7,,,3/21/2022
rhov,34,0.76,,,3/21/2022
rhov,34,0.77,,,3/21/2022
rhov,34,0.71,,,3/21/2022
rhov,27,0.67,,,3/21/2022
rhov,27,0.72,,,3/21/2022
rhov,27,0.71,,,3/21/2022
ceol,12,0.62,,,3/21/2022
ceol,12,0.42,,,3/21/2022
ceol,12,0.53,,,3/21/2022
hear,18,0.79,,,3/21/2022
hear,18,0.78,,,3/21/2022
hear,18,0.61,,,3/21/2022
ceol,21,0.5,,,3/21/2022
ceol,21,0.5,,,3/21/2022
ceol,21,0.53,,,3/21/2022
ceol,20,0.75,,,3/21/2022
ceol,20,0.74,,,3/21/2022
ceol,20,0.73,,,3/21/2022
rhov,24,0.73,,,3/21/2022
rhov,24,0.6,,,3/21/2022
rhov,24,0.64,,,3/21/2022
hear,14,0.66,,,3/21/2022
hear,14,0.54,,,3/21/2022
hear,14,0.61,,,3/21/2022
hear,20,0.77,,,3/21/2022
hear,20,0.75,,,3/21/2022
hear,20,0.74,,,3/21/2022
rhov,10,0.67,,,3/21/2022
rhov,10,0.73,,,3/21/2022
rhov,10,0.74,,,3/21/2022
ceol,28,0.75,,,3/21/2022
ceol,28,0.72,,,3/21/2022
ceol,28,0.72,,,3/21/2022
rhov,44,0.79,,,3/21/2022
rhov,44,0.76,,,3/21/2022
rhov,44,0.77,,,3/21/2022
hear,4,0.71,,,3/21/2022
hear,4,0.65,,,3/21/2022
hear,4,0.66,,,3/21/2022
hear,24,0.76,,,3/21/2022
hear,24,0.79,,,3/21/2022
hear,24,0.72,,,3/21/2022
hear,21,0.73,,,3/21/2022
hear,21,0.62,,,3/21/2022
hear,21,0.64,,,3/21/2022
rhov,9,0.79,,,3/21/2022
rhov,9,0.75,,,3/21/2022
rhov,9,0.7,,,3/21/2022
rhov,36,0.78,,,3/21/2022
rhov,36,0.78,,,3/21/2022
rhov,36,0.67,,,3/21/2022
ceol,35,0.7,,,3/21/2022
ceol,35,0.64,,,3/21/2022
ceol,35,0.68,,,3/21/2022
ceol,31,0.77,,,3/21/2022
ceol,31,0.73,,,3/21/2022
ceol,31,0.65,,,3/21/2022
hear,3,0.79,,,3/21/2022
hear,3,0.76,,,3/21/2022
hear,3,0.68,,,3/21/2022
rhov,48,0.74,,,3/21/2022
rhov,48,0.77,,,3/21/2022
rhov,48,0.63,,,3/21/2022
rhov,35,0.78,,,3/21/2022
rhov,35,0.7,,,3/21/2022
rhov,35,0.74,,,3/21/2022
ceol,18,0.7,,,3/21/2022
ceol,18,0.67,,,3/21/2022
ceol,18,0.74,,,3/21/2022
ceol,24,0.68,,,3/21/2022
ceol,24,0.66,,,3/21/2022
ceol,24,0.68,,,3/21/2022
hear,9,0.74,,,3/21/2022
hear,9,0.7,,,3/21/2022
hear,9,0.76,,,3/21/2022
rhov,50,0.79,,,3/21/2022
rhov,50,0.74,,,3/21/2022
rhov,50,0.7,,,3/21/2022
hear,15,0.7,,,3/21/2022
hear,15,0.72,,,3/21/2022
hear,15,0.72,,,3/21/2022
ceol,25,0.66,,,3/21/2022
ceol,25,0.58,,,3/21/2022
ceol,25,0.61,,,3/21/2022
ceol,25,0.66,,,3/21/2022
ceol,15,0.63,0.759,0.124,3/22/2022
ceol,15,0.55,0.759,0.124,3/22/2022
ceol,15,0.64,0.759,0.124,3/22/2022
ceol,9,0.77,2.79,0.778,3/22/2022
ceol,9,0.67,2.79,0.778,3/22/2022
ceol,9,0.76,2.79,0.778,3/22/2022
ceol,2,0.75,0.327,0.392,3/22/2022
ceol,2,0.74,0.327,0.392,3/22/2022
ceol,2,0.73,0.327,0.392,3/22/2022
ceol,3,0.7,1,1.006,3/22/2022
ceol,3,0.54,1,1.006,3/22/2022
ceol,3,0.59,1,1.006,3/22/2022
ceol,19,0.76,0.622,0.677,3/22/2022
ceol,19,0.7,0.622,0.677,3/22/2022
ceol,19,0.74,0.622,0.677,3/22/2022
ceol,30,0.81,0.556,0.82,3/22/2022
ceol,30,0.8,0.556,0.82,3/22/2022
ceol,30,0.8,0.556,0.82,3/22/2022
ceol,24,0.76,0.378,0.943,3/22/2022
ceol,24,0.77,0.378,0.943,3/22/2022
ceol,24,0.78,0.378,0.943,3/22/2022
ceol,42,0.79,0.789,0.677,3/22/2022
ceol,42,0.79,0.789,0.677,3/22/2022
ceol,42,0.78,0.789,0.677,3/22/2022
ceol,26,0.61,0.115,0.492,3/22/2022
ceol,26,0.54,0.115,0.492,3/22/2022
ceol,26,0.65,0.115,0.492,3/22/2022
ceol,35,0.78,0.224,0.254,3/22/2022
ceol,35,0.81,0.224,0.254,3/22/2022
ceol,35,0.71,0.224,0.254,3/22/2022
rhov,39,0.72,,,3/23/2022
rhov,39,0.74,,,3/23/2022
rhov,39,0.78,,,3/23/2022
hear,13,0.76,,,3/23/2022
hear,13,0.72,,,3/23/2022
hear,13,0.59,,,3/23/2022
rhov,42,0.77,,,3/23/2022
rhov,42,0.74,,,3/23/2022
rhov,42,0.78,,,3/23/2022
ceol,16,0.58,,,3/23/2022
ceol,16,0.65,,,3/23/2022
ceol,16,0.66,,,3/23/2022
ceol,1,0.55,,,3/23/2022
ceol,1,0.64,,,3/23/2022
ceol,1,0.63,,,3/23/2022
rhov,47,0.78,,,3/23/2022
rhov,47,0.75,,,3/23/2022
rhov,47,0.75,,,3/23/2022
ceol,21,0.54,,,3/23/2022
ceol,21,0.53,,,3/23/2022
ceol,21,0.6,,,3/23/2022
rhov,11,0.77,,,3/23/2022
rhov,11,0.79,,,3/23/2022
rhov,11,0.78,,,3/23/2022
hear,10,0.76,,,3/23/2022
hear,10,0.67,,,3/23/2022
hear,10,0.63,,,3/23/2022
hear,16,0.77,,,3/23/2022
hear,16,0.75,,,3/23/2022
hear,16,0.67,,,3/23/2022
ceol,12,0.58,,,3/23/2022
ceol,12,0.55,,,3/23/2022
ceol,12,0.67,,,3/23/2022
ceol,17,0.74,,,3/23/2022
ceol,17,0.6,,,3/23/2022
ceol,17,0.55,,,3/23/2022
rhov,44,0.8,,,3/23/2022
rhov,44,0.79,,,3/23/2022
rhov,44,0.77,,,3/23/2022
hear,8,0.78,,,3/23/2022
hear,8,0.77,,,3/23/2022
hear,8,0.75,,,3/23/2022
rhov,38,0.78,,,3/23/2022
rhov,38,0.77,,,3/23/2022
rhov,38,0.81,,,3/23/2022
rhov,32,0.75,,,3/23/2022
rhov,32,0.72,,,3/23/2022
rhov,32,0.74,,,3/23/2022
ceol,40,0.76,,,3/23/2022
ceol,40,0.69,,,3/23/2022
ceol,40,0.73,,,3/23/2022
rhov,34,0.77,,,3/23/2022
rhov,34,0.8,,,3/23/2022
rhov,34,0.8,,,3/23/2022
hear,14,0.59,,,3/23/2022
hear,14,0.51,,,3/23/2022
hear,14,0.57,,,3/23/2022
hear,18,0.76,,,3/23/2022
hear,18,0.75,,,3/23/2022
hear,18,0.62,,,3/23/2022
ceol,20,0.79,,,3/23/2022
ceol,20,0.73,,,3/23/2022
ceol,20,0.71,,,3/23/2022
hear,6,0.79,,,3/23/2022
hear,6,0.7,,,3/23/2022
hear,6,0.62,,,3/23/2022
ceol,45,0.72,,,3/23/2022
ceol,45,0.68,,,3/23/2022
ceol,45,0.71,,,3/23/2022
ceol,25,0.7,,,3/23/2022
ceol,25,0.7,,,3/23/2022
ceol,25,0.73,,,3/23/2022
hear,21,0.75,,,3/23/2022
hear,21,0.73,,,3/23/2022
hear,21,0.75,,,3/23/2022
rhov,50,0.75,,,3/23/2022
rhov,50,0.76,,,3/23/2022
rhov,50,0.78,,,3/23/2022
hear,4,0.78,,,3/23/2022
hear,4,0.74,,,3/23/2022
hear,4,0.72,,,3/23/2022
hear,3,0.79,,,3/23/2022
hear,3,0.77,,,3/23/2022
hear,3,0.73,,,3/23/2022
hear,2,0.74,,,3/23/2022
hear,2,0.76,,,3/23/2022
hear,2,0.76,,,3/23/2022
ceol,29,0.79,,,3/23/2022
ceol,29,0.78,,,3/23/2022
ceol,29,0.76,,,3/23/2022
hear,20,0.7,,,3/23/2022
hear,20,0.73,,,3/23/2022
hear,20,0.75,,,3/23/2022
hear,15,0.68,,,3/23/2022
hear,15,0.73,,,3/23/2022
hear,15,0.79,,,3/23/2022
ceol,31,0.75,,,3/23/2022
ceol,31,0.68,,,3/23/2022
ceol,31,0.65,,,3/23/2022
ceol,18,0.74,,,3/23/2022
ceol,18,0.69,,,3/23/2022
ceol,18,0.61,,,3/23/2022
hear,24,0.72,,,3/23/2022
hear,24,0.7,,,3/23/2022
hear,24,0.65,,,3/23/2022
rhov,12,0.74,,,3/23/2022
rhov,12,0.7,,,3/23/2022
rhov,12,0.65,,,3/23/2022
ceol,28,0.74,,,3/23/2022
ceol,28,0.68,,,3/23/2022
ceol,28,0.74,,,3/23/2022
rhov,10,0.68,,,3/23/2022
rhov,10,0.69,,,3/23/2022
rhov,10,0.71,,,3/23/2022
rhov,48,0.75,,,3/23/2022
rhov,48,0.71,,,3/23/2022
rhov,48,0.72,,,3/23/2022
rhov,9,0.76,,,3/23/2022
rhov,9,0.78,,,3/23/2022
rhov,9,0.71,,,3/23/2022
rhov,6,0.71,,,3/23/2022
rhov,6,0.69,,,3/23/2022
rhov,6,0.76,,,3/23/2022
ceol,43,0.72,,,3/23/2022
ceol,43,0.69,,,3/23/2022
ceol,43,0.65,,,3/23/2022
hear,2,0.79,,,3/25/2022
hear,2,0.81,,,3/25/2022
hear,2,0.74,,,3/25/2022
hear,20,0.81,,,3/25/2022
hear,20,0.76,,,3/25/2022
hear,20,0.81,,,3/25/2022
hear,3,0.82,,,3/25/2022
hear,3,0.78,,,3/25/2022
hear,3,0.79,,,3/25/2022
ceol,45,0.77,,,3/25/2022
ceol,45,0.78,,,3/25/2022
ceol,45,0.75,,,3/25/2022
ceol,28,0.81,,,3/25/2022
ceol,28,0.77,,,3/25/2022
ceol,28,0.83,,,3/25/2022
rhov,50,0.81,,,3/25/2022
rhov,50,0.8,,,3/25/2022
rhov,50,0.79,,,3/25/2022
ceol,31,0.75,,,3/25/2022
ceol,31,0.75,,,3/25/2022
ceol,31,0.76,,,3/25/2022
rhov,10,0.81,,,3/25/2022
rhov,10,0.75,,,3/25/2022
rhov,10,0.76,,,3/25/2022
rhov,44,0.82,,,3/25/2022
rhov,44,0.78,,,3/25/2022
rhov,44,0.84,,,3/25/2022
rhov,48,0.73,,,3/25/2022
rhov,48,0.82,,,3/25/2022
rhov,48,0.79,,,3/25/2022
rhov,9,0.8,,,3/25/2022
rhov,9,0.82,,,3/25/2022
rhov,9,0.78,,,3/25/2022
ceol,18,0.8,,,3/25/2022
ceol,18,0.81,,,3/25/2022
ceol,18,0.81,,,3/25/2022
hear,24,0.76,,,3/25/2022
hear,24,0.76,,,3/25/2022
hear,24,0.78,,,3/25/2022
ceol,47,0.79,,,3/25/2022
ceol,47,0.79,,,3/25/2022
ceol,47,0.8,,,3/25/2022
ceol,29,0.81,,,3/25/2022
ceol,29,0.77,,,3/25/2022
ceol,29,0.76,,,3/25/2022
ceol,25,0.67,,,3/25/2022
ceol,25,0.69,,,3/25/2022
ceol,25,0.69,,,3/25/2022
hear,15,0.75,,,3/25/2022
hear,15,0.74,,,3/25/2022
hear,15,0.8,,,3/25/2022
rhov,6,0.75,,,3/25/2022
rhov,6,0.8,,,3/25/2022
rhov,6,0.77,,,3/25/2022
rhov,22,0.79,,,3/25/2022
rhov,22,0.8,,,3/25/2022
rhov,22,0.81,,,3/25/2022
hear,4,0.73,,,3/25/2022
hear,4,0.78,,,3/25/2022
hear,4,0.76,,,3/25/2022
hear,21,0.75,,,3/25/2022
hear,21,0.78,,,3/25/2022
hear,21,0.8,,,3/25/2022
ceol,20,0.8,,,3/25/2022
ceol,20,0.77,,,3/25/2022
ceol,20,0.78,,,3/25/2022
ceol,21,0.61,,,3/25/2022
ceol,21,0.64,,,3/25/2022
ceol,21,0.21,,,3/25/2022
ceol,12,0.61,,,3/25/2022
ceol,12,0.67,,,3/25/2022
ceol,12,0.56,,,3/25/2022
ceol,8,0.72,,,3/25/2022
ceol,8,0.45,,,3/25/2022
ceol,8,0.63,,,3/25/2022
ceol,40,0.78,,,3/25/2022
ceol,40,0.75,,,3/25/2022
ceol,40,0.75,,,3/25/2022
hear,16,0.77,,,3/25/2022
hear,16,0.77,,,3/25/2022
hear,16,0.74,,,3/25/2022
hear,13,0.79,,,3/25/2022
hear,13,0.78,,,3/25/2022
hear,13,0.75,,,3/25/2022
rhov,38,0.82,,,3/25/2022
rhov,38,0.78,,,3/25/2022
rhov,38,0.78,,,3/25/2022
hear,18,0.79,,,3/25/2022
hear,18,0.77,,,3/25/2022
hear,18,0.73,,,3/25/2022
rhov,19,0.81,,,3/25/2022
rhov,19,0.82,,,3/25/2022
rhov,19,0.79,,,3/25/2022
rhov,1,0.81,,,3/25/2022
rhov,1,0.77,,,3/25/2022
rhov,1,0.81,,,3/25/2022
ceol,17,0.69,,,3/25/2022
ceol,17,0.72,,,3/25/2022
ceol,17,0.76,,,3/25/2022
hear,14,0.65,,,3/25/2022
hear,14,0.64,,,3/25/2022
hear,14,0.71,,,3/25/2022
hear,10,0.77,,,3/25/2022
hear,10,0.77,,,3/25/2022
hear,10,0.75,,,3/25/2022
rhov,39,0.79,,,3/25/2022
rhov,39,0.81,,,3/25/2022
rhov,39,0.81,,,3/25/2022
rhov,42,0.82,,,3/25/2022
rhov,42,0.77,,,3/25/2022
rhov,42,0.82,,,3/25/2022
ceol,1,0.61,,,3/25/2022
ceol,1,0.72,,,3/25/2022
ceol,1,0.67,,,3/25/2022
hear,8,0.78,,,3/25/2022
hear,8,0.81,,,3/25/2022
hear,8,0.76,,,3/25/2022
rhov,34,0.82,,,3/25/2022
rhov,34,0.85,,,3/25/2022
rhov,34,0.83,,,3/25/2022
rhov,11,0.81,,,3/25/2022
rhov,11,0.82,,,3/25/2022
rhov,11,0.79,,,3/25/2022
hear,6,0.8,,,3/25/2022
hear,6,0.78,,,3/25/2022
hear,6,0.8,,,3/25/2022
hear,8,0.8,,,3/27/2022
hear,8,0.78,,,3/27/2022
hear,8,0.78,,,3/27/2022
hear,12,0.83,,,3/27/2022
hear,12,0.8,,,3/27/2022
hear,12,0.79,,,3/27/2022
rhov,38,0.81,,,3/27/2022
rhov,38,0.79,,,3/27/2022
rhov,38,0.8,,,3/27/2022
hear,14,0.7,,,3/27/2022
hear,14,0.72,,,3/27/2022
hear,14,0.76,,,3/27/2022
hear,10,0.77,,,3/27/2022
hear,10,0.78,,,3/27/2022
hear,10,0.76,,,3/27/2022
hear,18,0.8,,,3/27/2022
hear,18,0.8,,,3/27/2022
hear,18,0.79,,,3/27/2022
hear,22,0.75,,,3/27/2022
hear,22,0.79,,,3/27/2022
hear,22,0.78,,,3/27/2022
rhov,11,0.81,,,3/27/2022
rhov,11,0.75,,,3/27/2022
rhov,11,0.81,,,3/27/2022
rhov,42,0.79,,,3/27/2022
rhov,42,0.8,,,3/27/2022
rhov,42,0.79,,,3/27/2022
rhov,34,0.81,,,3/27/2022
rhov,34,0.83,,,3/27/2022
rhov,34,0.84,,,3/27/2022
rhov,39,0.82,,,3/27/2022
rhov,39,0.8,,,3/27/2022
rhov,39,0.79,,,3/27/2022
ceol,43,0.78,,,3/27/2022
ceol,43,0.83,,,3/27/2022
ceol,43,0.83,,,3/27/2022
ceol,18,0.79,,,3/27/2022
ceol,18,0.79,,,3/27/2022
ceol,18,0.82,,,3/27/2022
hear,15,0.76,,,3/27/2022
hear,15,0.71,,,3/27/2022
hear,15,0.77,,,3/27/2022
ceol,28,0.8,,,3/27/2022
ceol,28,0.79,,,3/27/2022
ceol,28,0.76,,,3/27/2022
ceol,47,0.83,,,3/27/2022
ceol,47,0.8,,,3/27/2022
ceol,47,0.78,,,3/27/2022
hear,23,0.76,,,3/27/2022
hear,23,0.78,,,3/27/2022
hear,23,0.75,,,3/27/2022
rhov,48,0.75,,,3/27/2022
rhov,48,0.77,,,3/27/2022
rhov,48,0.76,,,3/27/2022
ceol,45,0.75,,,3/27/2022
ceol,45,0.77,,,3/27/2022
ceol,45,0.78,,,3/27/2022
ceol,25,0.67,,,3/27/2022
ceol,25,0.69,,,3/27/2022
ceol,25,0.75,,,3/27/2022
ceol,31,0.76,,,3/27/2022
ceol,31,0.77,,,3/27/2022
ceol,31,0.77,,,3/27/2022
hear,3,0.82,,,3/27/2022
hear,3,0.81,,,3/27/2022
hear,3,0.76,,,3/27/2022
hear,2,0.78,,,3/27/2022
hear,2,0.79,,,3/27/2022
hear,2,0.72,,,3/27/2022
rhov,50,0.82,,,3/27/2022
rhov,50,0.75,,,3/27/2022
rhov,50,0.78,,,3/27/2022
rhov,9,0.81,,,3/27/2022
rhov,9,0.79,,,3/27/2022
rhov,9,0.79,,,3/27/2022
rhov,10,0.77,,,3/27/2022
rhov,10,0.79,,,3/27/2022
rhov,10,0.78,,,3/27/2022
hear,4,0.76,,,3/27/2022
hear,4,0.77,,,3/27/2022
hear,4,0.65,,,3/27/2022
hear,24,0.77,,,3/27/2022
hear,24,0.8,,,3/27/2022
hear,24,0.78,,,3/27/2022
rhov,51,0.77,,,3/27/2022
rhov,51,0.82,,,3/27/2022
rhov,51,0.83,,,3/27/2022
rhov,12,0.81,,,3/27/2022
rhov,12,0.79,,,3/27/2022
rhov,12,0.78,,,3/27/2022
hear,21,0.77,,,3/27/2022
hear,21,0.79,,,3/27/2022
hear,21,0.78,,,3/27/2022
rhov,44,0.8,,,3/27/2022
rhov,44,0.82,,,3/27/2022
rhov,44,0.81,,,3/27/2022
ceol,17,0.77,,,3/27/2022
ceol,17,0.67,,,3/27/2022
ceol,17,0.74,,,3/27/2022
ceol,20,0.9,,,3/27/2022
ceol,20,0.82,,,3/27/2022
ceol,20,0.79,,,3/27/2022
ceol,12,0.66,,,3/27/2022
ceol,12,0.63,,,3/27/2022
ceol,12,0.82,,,3/27/2022
ceol,13,0.75,,,3/27/2022
ceol,13,0.66,,,3/27/2022
ceol,13,0.71,,,3/27/2022
ceol,14,0.78,,,3/27/2022
ceol,14,0.8,,,3/27/2022
ceol,14,0.76,,,3/27/2022
ceol,21,0.67,,,3/27/2022
ceol,21,0.62,,,3/27/2022
ceol,21,0.62,,,3/27/2022
ceol,1,0.64,,,3/27/2022
ceol,1,0.6,,,3/27/2022
ceol,1,0.73,,,3/27/2022
rhov,41,0.81,,,3/27/2022
rhov,41,0.79,,,3/27/2022
rhov,41,0.8,,,3/27/2022
hear,6,0.84,,,3/27/2022
hear,6,0.8,,,3/27/2022
hear,6,0.79,,,3/27/2022
rhov,24,0.75,,,3/27/2022
rhov,24,0.73,,,3/27/2022
rhov,24,0.81,,,3/27/2022
hear,24,0.73,,,3/29/2022
hear,4,0.73,,,3/29/2022
hear,4,0.68,,,3/29/2022
hear,4,0.78,,,3/29/2022
hear,21,0.78,,,3/29/2022
hear,21,0.77,,,3/29/2022
hear,21,0.72,,,3/29/2022
ceol,21,0.73,,,3/29/2022
ceol,21,0.7,,,3/29/2022
ceol,21,0.66,,,3/29/2022
ceol,1,0.66,,,3/29/2022
ceol,1,0.5,,,3/29/2022
ceol,1,0.58,,,3/29/2022
ceol,17,0.74,,,3/29/2022
ceol,17,0.72,,,3/29/2022
ceol,17,0.76,,,3/29/2022
ceol,20,0.8,,,3/29/2022
ceol,20,0.77,,,3/29/2022
ceol,20,0.83,,,3/29/2022
ceol,12,0.6,,,3/29/2022
ceol,12,0.82,,,3/29/2022
ceol,12,0.69,,,3/29/2022
ceol,10,0.62,,,3/29/2022
ceol,10,0.73,,,3/29/2022
ceol,10,0.7,,,3/29/2022
ceol,14,0.78,,,3/29/2022
ceol,14,0.79,,,3/29/2022
ceol,14,0.78,,,3/29/2022
rhov,34,0.77,,,3/29/2022
rhov,34,0.82,,,3/29/2022
rhov,34,0.81,,,3/29/2022
rhov,38,0.81,,,3/29/2022
rhov,38,0.84,,,3/29/2022
rhov,38,0.81,,,3/29/2022
rhov,39,0.81,,,3/29/2022
rhov,39,0.78,,,3/29/2022
rhov,39,0.79,,,3/29/2022
rhov,11,0.81,,,3/29/2022
rhov,11,0.82,,,3/29/2022
rhov,11,0.82,,,3/29/2022
rhov,42,0.8,,,3/29/2022
rhov,42,0.81,,,3/29/2022
rhov,42,0.8,,,3/29/2022
rhov,41,0.79,,,3/29/2022
rhov,41,0.81,,,3/29/2022
rhov,41,0.8,,,3/29/2022
rhov,46,0.74,,,3/29/2022
rhov,46,0.77,,,3/29/2022
rhov,46,0.77,,,3/29/2022
hear,8,0.77,,,3/29/2022
hear,8,0.79,,,3/29/2022
hear,8,0.8,,,3/29/2022
hear,18,0.71,,,3/29/2022
hear,18,0.82,,,3/29/2022
hear,18,0.78,,,3/29/2022
hear,10,0.76,,,3/29/2022
ceol,25,0.57,,,3/29/2022
ceol,25,0.75,,,3/29/2022
ceol,25,0.7,,,3/29/2022
ceol,29,0.75,,,3/29/2022
ceol,29,0.78,,,3/29/2022
ceol,29,0.74,,,3/29/2022
ceol,18,0.8,,,3/29/2022
ceol,18,0.78,,,3/29/2022
ceol,18,0.68,,,3/29/2022
ceol,5,0.72,,,3/29/2022
ceol,5,0.62,,,3/29/2022
ceol,5,0.74,,,3/29/2022
ceol,31,0.74,,,3/29/2022
ceol,31,0.74,,,3/29/2022
ceol,31,0.71,,,3/29/2022
ceol,28,0.74,,,3/29/2022
ceol,28,0.77,,,3/29/2022
ceol,28,0.7,,,3/29/2022
ceol,45,0.78,,,3/29/2022
ceol,45,0.78,,,3/29/2022
ceol,45,0.74,,,3/29/2022
rhov,9,0.78,,,3/29/2022
rhov,9,0.82,,,3/29/2022
rhov,9,0.75,,,3/29/2022
rhov,44,0.79,,,3/29/2022
rhov,44,0.81,,,3/29/2022
rhov,44,0.8,,,3/29/2022
rhov,48,0.76,,,3/29/2022
rhov,48,0.68,,,3/29/2022
rhov,48,0.78,,,3/29/2022
rhov,10,0.78,,,3/29/2022
rhov,10,0.76,,,3/29/2022
rhov,10,0.75,,,3/29/2022
rhov,50,0.75,,,3/29/2022
rhov,50,0.74,,,3/29/2022
rhov,50,0.75,,,3/29/2022
rhov,51,0.79,,,3/29/2022
rhov,51,0.78,,,3/29/2022
rhov,51,0.78,,,3/29/2022
rhov,21,0.79,,,3/29/2022
rhov,21,0.77,,,3/29/2022
rhov,21,0.76,,,3/29/2022
hear,2,0.75,,,3/29/2022
hear,2,0.79,,,3/29/2022
hear,2,0.78,,,3/29/2022
hear,9,0.71,,,3/29/2022
hear,9,0.75,,,3/29/2022
hear,9,0.7,,,3/29/2022
hear,3,0.77,,,3/29/2022
hear,3,0.8,,,3/29/2022
hear,3,0.79,,,3/29/2022
hear,15,0.75,,,3/29/2022
hear,15,0.71,,,3/29/2022
hear,15,0.72,,,3/29/2022
hear,24,0.76,,,3/29/2022
hear,24,0.64,,,3/29/2022
hear,10,0.72,,,3/29/2022
hear,10,0.72,,,3/29/2022
hear,14,0.74,,,3/29/2022
hear,14,0.77,,,3/29/2022
hear,14,0.69,,,3/29/2022
hear,6,0.69,,,3/29/2022
hear,6,0.77,,,3/29/2022
hear,6,0.8,,,3/29/2022
hear,6,0.8,,,3/29/2022
hear,6,0.75,,,3/29/2022
hear,6,0.75,,,3/29/2022
hear,6,0.73,,,3/29/2022
hear,13,0.78,,,3/29/2022
hear,13,0.79,,,3/29/2022
hear,13,0.78,,,3/29/2022
ceol,21,0.73,,,4/2/2022
ceol,21,0.68,,,4/2/2022
ceol,21,0.74,,,4/2/2022
ceol,20,0.81,,,4/2/2022
ceol,20,0.78,,,4/2/2022
ceol,20,0.79,,,4/2/2022
ceol,17,0.76,,,4/2/2022
ceol,17,0.73,,,4/2/2022
ceol,17,0.71,,,4/2/2022
ceol,12,0.69,,,4/2/2022
ceol,12,0.68,,,4/2/2022
ceol,12,0.74,,,4/2/2022
ceol,1,0.72,,,4/2/2022
ceol,1,0.72,,,4/2/2022
ceol,1,0.71,,,4/2/2022
ceol,40,0.74,,,4/2/2022
ceol,40,0.75,,,4/2/2022
ceol,40,0.8,,,4/2/2022
ceol,8,0.66,,,4/2/2022
ceol,8,0.69,,,4/2/2022
ceol,8,0.7,,,4/2/2022
rhov,39,0.81,,,4/2/2022
rhov,39,0.79,,,4/2/2022
rhov,39,0.79,,,4/2/2022
rhov,11,0.82,,,4/2/2022
rhov,11,0.76,,,4/2/2022
rhov,11,0.77,,,4/2/2022
rhov,38,0.72,,,4/2/2022
rhov,38,0.72,,,4/2/2022
rhov,38,0.68,,,4/2/2022
rhov,34,0.83,,,4/2/2022
rhov,34,0.79,,,4/2/2022
rhov,34,0.78,,,4/2/2022
rhov,42,0.78,,,4/2/2022
rhov,42,0.71,,,4/2/2022
rhov,42,0.7,,,4/2/2022
rhov,31,0.79,,,4/2/2022
rhov,31,0.81,,,4/2/2022
rhov,31,0.8,,,4/2/2022
rhov,15,0.69,,,4/2/2022
rhov,15,0.69,,,4/2/2022
rhov,15,0.73,,,4/2/2022
hear,18,0.82,,,4/2/2022
hear,18,0.83,,,4/2/2022
hear,18,0.75,,,4/2/2022
hear,14,0.73,,,4/2/2022
hear,14,0.78,,,4/2/2022
hear,14,0.74,,,4/2/2022
hear,8,0.8,,,4/2/2022
hear,8,0.78,,,4/2/2022
hear,8,0.74,,,4/2/2022
hear,6,0.77,,,4/2/2022
hear,6,0.79,,,4/2/2022
hear,6,0.79,,,4/2/2022
hear,10,0.76,,,4/2/2022
hear,10,0.68,,,4/2/2022
hear,4,0.78,,,4/2/2022
hear,4,0.76,,,4/2/2022
hear,3,0.81,,,4/2/2022
hear,3,0.8,,,4/2/2022
hear,3,0.75,,,4/2/2022
hear,3,0.8,,,4/2/2022
hear,3,0.77,,,4/2/2022
hear,3,0.79,,,4/2/2022
hear,9,0.7,,,4/2/2022
hear,9,0.77,,,4/2/2022
hear,9,0.75,,,4/2/2022
hear,2,0.76,,,4/2/2022
hear,2,0.73,,,4/2/2022
hear,2,0.74,,,4/2/2022
rhov,48,0.79,,,4/2/2022
rhov,48,0.75,,,4/2/2022
rhov,48,0.74,,,4/2/2022
rhov,10,0.78,,,4/2/2022
rhov,10,0.78,,,4/2/2022
rhov,10,0.83,,,4/2/2022
rhov,50,0.77,,,4/2/2022
rhov,50,0.72,,,4/2/2022
rhov,50,0.71,,,4/2/2022
rhov,44,0.8,,,4/2/2022
rhov,44,0.83,,,4/2/2022
rhov,44,0.76,,,4/2/2022
rhov,44,0.8,,,4/2/2022
rhov,44,0.8,,,4/2/2022
rhov,44,0.78,,,4/2/2022
rhov,51,0.72,,,4/2/2022
rhov,51,0.75,,,4/2/2022
rhov,51,0.71,,,4/2/2022
rhov,12,0.81,,,4/2/2022
rhov,12,0.79,,,4/2/2022
rhov,12,0.81,,,4/2/2022
hear,21,0.78,,,4/2/2022
hear,21,0.76,,,4/2/2022
hear,21,0.79,,,4/2/2022
hear,15,0.74,,,4/2/2022
hear,15,0.74,,,4/2/2022
hear,15,0.69,,,4/2/2022
hear,4,0.75,,,4/2/2022
hear,10,0.69,,,4/2/2022
hear,14,0.74,,,4/2/2022
hear,14,0.72,,,4/2/2022
hear,14,0.68,,,4/2/2022
hear,22,0.81,,,4/2/2022
hear,22,0.8,,,4/2/2022
hear,22,0.76,,,4/2/2022
ceol,18,0.75,,,4/2/2022
ceol,18,0.78,,,4/2/2022
ceol,18,0.73,,,4/2/2022
ceol,25,0.7,,,4/2/2022
ceol,25,0.77,,,4/2/2022
ceol,25,0.73,,,4/2/2022
ceol,45,0.79,,,4/2/2022
ceol,45,0.72,,,4/2/2022
ceol,45,0.71,,,4/2/2022
ceol,28,0.83,,,4/2/2022
ceol,28,0.81,,,4/2/2022
ceol,28,0.75,,,4/2/2022
ceol,31,0.75,,,4/2/2022
ceol,31,0.76,,,4/2/2022
ceol,31,0.78,,,4/2/2022
ceol,47,0.71,,,4/2/2022
ceol,47,0.71,,,4/2/2022
ceol,47,0.69,,,4/2/2022
ceol,43,0.8,,,4/2/2022
ceol,43,0.82,,,4/2/2022
ceol,43,0.78,,,4/2/2022
ceol,10,,0.75,,4/11/2022
ceol,7,,0.65,0.7,4/11/2022
ceol,8,,0.7,0.75,4/11/2022
ceol,29,,0.75,0.75,4/11/2022
ceol,16,,0.65,0.75,4/11/2022
ceol,47,,0.6,0.75,4/11/2022
ceol,43,,0.525,0.8,4/11/2022
ceol,5,,0.6,0.525,4/11/2022
ceol,13,,0.725,0.915,4/11/2022
hear,13,,2.124,2.558,4/18/2022
hear,12,,1.273,1.814,4/18/2022
hear,2,,0.366,0.337,4/18/2022
hear,9,,0.462,0.305,4/18/2022
hear,25,,1.5,2.098,4/18/2022
hear,20,,0.15,0.501,4/18/2022
hear,23,,1.1,0.47,4/18/2022
hear,22,,1.15,1.895,4/18/2022
hear,16,,1.095,2.65,4/18/2022
