"","plot_number","treatment","location","species","individual","march_stem_height_cm","may_alive","normalized_par","march_volume_cm3","soil_moisture","site","exotic_percentcover","rgr"
"1","1","none","right","CEOL","green",-0.725655928576492,"1",-0.902270738117096,-0.546666589920397,-0.180328026329066,"1",-1.15372878805538,-0.416677115922708
"2","1","none","right","CEOL","blue",-0.665965114692843,"1",-0.902270738117096,-0.535741638497024,-0.180328026329066,"1",-1.15372878805538,0.0280345337073422
"3","1","none","right","HEAR","S",0.313666477868204,"0",-0.902270738117096,-0.28216896000658,-0.180328026329066,"1",-1.15372878805538,NA
"4","1","none","right","HEAR","C",1.98149804226425,"0",-0.902270738117096,2.24509938145675,-0.180328026329066,"1",-1.15372878805538,NA
"5","1","none","right","HEAR","R",0.0854368953719026,"0",-0.902270738117096,0.138410039582222,-0.180328026329066,"1",-1.15372878805538,NA
"6","1","none","right","RHOV","green",-0.293775334006567,"1",-0.902270738117096,-0.436085027218918,-0.180328026329066,"1",-1.15372878805538,0.136742426380798
"7","1","none","right","RHOV","blue",-0.286752885314373,"0",-0.902270738117096,-0.527442663820419,-0.180328026329066,"1",-1.15372878805538,NA
"8","1","none","right","SAAP","green",-0.813436537228915,"0",-0.902270738117096,-0.531868299450298,-0.180328026329066,"1",-1.15372878805538,NA
"9","1","none","right","SAAP","blue",-1.10135693360886,"1",-0.902270738117096,-0.552357911272474,-0.180328026329066,"1",-1.15372878805538,0.0542762824742405
"10","1","none","left","CEOL","green",-0.262174314891695,"0",-0.902270738117096,-0.535824591928967,-0.180328026329066,"1",-1.15372878805538,NA
"11","1","none","left","CEOL","blue",-0.395600840043379,"0",-0.902270738117096,-0.530964968222216,-0.180328026329066,"1",-1.15372878805538,NA
"12","1","none","left","HEAR","S",1.05804603924076,"0",-0.902270738117096,1.35909107110711,-0.180328026329066,"1",-1.15372878805538,NA
"13","1","none","left","HEAR","C",1.20551746177683,"0",-0.902270738117096,0.639036771659317,-0.180328026329066,"1",-1.15372878805538,NA
"14","1","none","left","HEAR","R",1.47588173642629,"0",-0.902270738117096,1.48153585650783,-0.180328026329066,"1",-1.15372878805538,NA
"15","1","none","left","RHOV","green",0.106504241448484,"0",-0.902270738117096,-0.513276977571153,-0.180328026329066,"1",-1.15372878805538,NA
"16","1","none","left","RHOV","blue",-0.8309926589594,"1",-0.902270738117096,-0.519768200346896,-0.180328026329066,"1",-1.15372878805538,-0.0773934392357998
"17","1","none","left","SAAP","green",-0.602763076463098,"0",-0.902270738117096,-0.553371862639977,-0.180328026329066,"1",-1.15372878805538,NA
"18","1","none","left","SAAP","blue",-1.23478345876055,"0",-0.902270738117096,-0.555312111767344,-0.180328026329066,"1",-1.15372878805538,NA
"19","2","full removal","right","CEOL","green",-0.848548780689885,"1",-0.052134466803846,-0.534747546150002,1.15247781416071,"1",0.90781661927742,-0.250106532891326
"20","2","full removal","right","CEOL","blue",-0.602763076463098,"0",-0.052134466803846,-0.500455977348127,1.15247781416071,"1",0.90781661927742,NA
"21","2","full removal","right","HEAR","S",1.74975723542185,"1",-0.052134466803846,0.39577310887528,1.15247781416071,"1",0.90781661927742,-1.79271692145053
"22","2","full removal","right","HEAR","C",0.310155253522107,"1",-0.052134466803846,0.638024106874124,1.15247781416071,"1",0.90781661927742,-0.321709900557555
"23","2","full removal","right","HEAR","R",-0.251640641853404,"1",-0.052134466803846,0.0198835613550601,1.15247781416071,"1",0.90781661927742,-0.766379251327968
"24","2","full removal","right","RHOV","green",-0.813436537228915,"0",-0.052134466803846,-0.523552204928452,1.15247781416071,"1",0.90781661927742,NA
"25","2","full removal","right","RHOV","blue",-0.637875319924068,"0",-0.052134466803846,-0.484684968398399,1.15247781416071,"1",0.90781661927742,NA
"26","2","full removal","right","SAAP","green",-0.53253858954116,"0",-0.052134466803846,-0.525295316443948,1.15247781416071,"1",0.90781661927742,NA
"27","2","full removal","right","SAAP","blue",-1.19967121529958,"0",-0.052134466803846,-0.555421056237063,1.15247781416071,"1",0.90781661927742,NA
"28","2","full removal","left","CEOL","green",-0.602763076463098,"0",-0.052134466803846,-0.495164388818942,1.15247781416071,"1",0.90781661927742,NA
"29","2","full removal","left","CEOL","blue",-0.342932474851925,"1",-0.052134466803846,-0.535889024801057,1.15247781416071,"1",0.90781661927742,-0.357798435645614
"30","2","full removal","left","HEAR","S",2.09034599699326,"1",-0.052134466803846,0.72738360644488,1.15247781416071,"1",0.90781661927742,0.0401315153697513
"31","2","full removal","left","HEAR","C",-0.311331455737052,"1",-0.052134466803846,-0.15948571072514,1.15247781416071,"1",0.90781661927742,-0.418424053170692
"32","2","full removal","left","HEAR","R",0.506783816903536,"1",-0.052134466803846,-0.193536662696062,1.15247781416071,"1",0.90781661927742,-0.0458893008257684
"33","2","full removal","left","RHOV","green",-0.753745723345267,"0",-0.052134466803846,-0.52157137658003,1.15247781416071,"1",0.90781661927742,NA
"34","2","full removal","left","RHOV","blue",-0.950374286726696,"1",-0.052134466803846,-0.523954261900032,1.15247781416071,"1",0.90781661927742,0.166824407735754
"35","2","full removal","left","SAAP","green",-0.57818450604042,"1",-0.052134466803846,-0.525708257486836,1.15247781416071,"1",0.90781661927742,0.776583655509744
"36","2","full removal","left","SAAP","blue",-0.880149799804757,"0",-0.052134466803846,-0.54196502388788,1.15247781416071,"1",0.90781661927742,NA
"37","3","full removal","right","CEOL","green",-0.855571229382078,"1",-1.3370081336732,-0.539489058488082,0.13593098666851,"1",2.0971697388925,3.00200791600436
"38","3","full removal","right","CEOL","blue",-0.897705921535242,"1",-1.3370081336732,-0.53388420791797,0.13593098666851,"1",2.0971697388925,2.24611573242689
"39","3","full removal","right","HEAR","S",0.30664402917601,"0",-1.3370081336732,0.891533571632972,0.13593098666851,"1",2.0971697388925,0.517800064087862
"40","3","full removal","right","HEAR","C",1.14933787223928,"0",-1.3370081336732,1.28171638456433,0.13593098666851,"1",2.0971697388925,0.0224626275235781
"41","3","full removal","right","HEAR","R",0.257486888330653,"1",-1.3370081336732,0.342135803680619,0.13593098666851,"1",2.0971697388925,-0.00971609988725679
"42","3","full removal","right","RHOV","green",-1.11189060664716,"0",-1.3370081336732,-0.552249942115151,0.13593098666851,"1",2.0971697388925,NA
"43","3","full removal","right","RHOV","blue",-0.53253858954116,"0",-1.3370081336732,-0.535361785445939,0.13593098666851,"1",2.0971697388925,NA
"44","3","full removal","right","SAAP","green",-0.75023449899917,"0",-1.3370081336732,-0.54892659625422,0.13593098666851,"1",2.0971697388925,NA
"45","3","full removal","right","SAAP","blue",-0.672987563385037,"0",-1.3370081336732,-0.522000005626558,0.13593098666851,"1",2.0971697388925,NA
"46","3","full removal","left","CEOL","green",-0.0198998350110057,"0",-1.3370081336732,-0.438103114575984,0.13593098666851,"1",2.0971697388925,NA
"47","3","full removal","left","CEOL","blue",-0.550094711271644,"0",-1.3370081336732,-0.475047948120375,0.13593098666851,"1",2.0971697388925,NA
"48","3","full removal","left","HEAR","S",1.00186644970321,"1",-1.3370081336732,0.609488479058366,0.13593098666851,"1",2.0971697388925,-0.20809189068448
"49","3","full removal","left","HEAR","C",0.524339938634021,"1",-1.3370081336732,1.58017552303943,0.13593098666851,"1",2.0971697388925,-1.1022360017405
"50","3","full removal","left","HEAR","R",0.668300136823995,"0",-1.3370081336732,-0.382922066245411,0.13593098666851,"1",2.0971697388925,NA
"51","3","full removal","left","RHOV","green",-0.490403897387996,"0",-1.3370081336732,-0.479492156188426,0.13593098666851,"1",2.0971697388925,0.0095041625140076
"52","3","full removal","left","RHOV","blue",-0.525516140848966,"0",-1.3370081336732,-0.473727271380128,0.13593098666851,"1",2.0971697388925,NA
"53","3","full removal","left","SAAP","green",-0.209505949700241,"0",-1.3370081336732,-0.454451321701944,0.13593098666851,"1",2.0971697388925,NA
"54","3","full removal","left","SAAP","blue",-0.0339447323953934,"1",-1.3370081336732,-0.0786155719984371,0.13593098666851,"1",2.0971697388925,-0.141563094273632
"55","4","half removal","right","CEOL","green",-0.637875319924068,"1",-0.259186367850546,-0.496513225110695,-0.835435981824033,"1",0.233849851495542,0.310203710708062
"56","4","half removal","right","CEOL","blue",-0.0198998350110057,"0",-0.259186367850546,-0.344324026312201,-0.835435981824033,"1",0.233849851495542,NA
"57","4","half removal","right","HEAR","S",-0.297286558352664,"0",-0.259186367850546,-0.227141902090038,-0.835435981824033,"1",0.233849851495542,NA
"58","4","half removal","right","HEAR","C",1.18445011570025,"1",-0.259186367850546,0.369258826375016,-0.835435981824033,"1",0.233849851495542,-0.0252103030492154
"59","4","half removal","right","HEAR","R",1.53908377465604,"0",-0.259186367850546,1.58743884564773,-0.835435981824033,"1",0.233849851495542,NA
"60","4","half removal","right","RHOV","green",-0.848548780689885,"0",-0.259186367850546,-0.538659171396086,-0.835435981824033,"1",0.233849851495542,NA
"61","4","half removal","right","RHOV","blue",-0.430713083504348,"0",-0.259186367850546,-0.419445097930043,-0.835435981824033,"1",0.233849851495542,NA
"62","4","half removal","right","SAAP","green",-0.869616126766466,"0",-0.259186367850546,-0.547440967211156,-0.835435981824033,"1",0.233849851495542,NA
"63","4","half removal","right","SAAP","blue",-0.644897768616262,"1",-0.259186367850546,-0.52270650532485,-0.835435981824033,"1",0.233849851495542,0.385777089168267
"64","4","half removal","left","RHOV","green",-0.283241660968276,"1",-0.259186367850546,-0.372960095741208,-0.835435981824033,"1",0.233849851495542,-0.301283422008885
"65","4","half removal","left","SAAP","green",-0.743212050306976,"1",-0.259186367850546,-0.518119507371822,-0.835435981824033,"1",0.233849851495542,1.58703561124716
"66","4","half removal","left","SAAP","blue",-0.462314102619221,"0",-0.259186367850546,-0.527017676631879,-0.835435981824033,"1",0.233849851495542,NA
"67","4","half removal","left","CEOL","green",-0.374533493966797,"1",-0.259186367850546,-0.448540254166612,-0.835435981824033,"1",0.233849851495542,-1.02795368046524
"68","4","half removal","left","CEOL","blue",-0.356977372236312,"0",-0.259186367850546,-0.500746495934043,-0.835435981824033,"1",0.233849851495542,NA
"69","4","half removal","left","HEAR","S",2.55733883502415,"1",-0.259186367850546,2.82722691104442,-0.835435981824033,"1",0.233849851495542,-0.743397490343593
"70","4","half removal","left","HEAR","C",1.32841031389022,"1",-0.259186367850546,1.76953174503439,-0.835435981824033,"1",0.233849851495542,-0.410291193917677
"71","4","half removal","left","HEAR","R",1.04751236620247,"1",-0.259186367850546,0.962595621325033,-0.835435981824033,"1",0.233849851495542,-0.188212850632392
"72","4","half removal","left","RHOV","blue",-0.392089615697282,"1",-0.259186367850546,-0.524080948754819,-0.835435981824033,"1",0.233849851495542,-0.607034231238755
"73","5","half removal","right","CEOL","green",-0.708099806846007,"0",1.02114015771554,-0.535321579748781,-0.13514816732941,"1",0.114914539534034,NA
"74","5","half removal","right","CEOL","blue",-0.606274300809195,"1",1.02114015771554,-0.537964702279949,-0.13514816732941,"1",0.114914539534034,-0.532502222332985
"75","5","half removal","right","HEAR","S",3.26309492858964,"0",1.02114015771554,4.13701322488902,-0.13514816732941,"1",0.114914539534034,-0.218412140895999
"76","5","half removal","right","HEAR","C",2.29048578472078,"0",1.02114015771554,4.21668600163953,-0.13514816732941,"1",0.114914539534034,0.0984098361579084
"77","5","half removal","right","HEAR","R",-0.427201859158251,"1",1.02114015771554,-0.373374847337426,-0.13514816732941,"1",0.114914539534034,1.97199927166866
"78","5","half removal","right","RHOV","green",-0.788857966806237,"0",1.02114015771554,-0.537717891177718,-0.13514816732941,"1",0.114914539534034,NA
"79","5","half removal","right","RHOV","blue",-0.757256947691364,"0",1.02114015771554,-0.508917331162931,-0.13514816732941,"1",0.114914539534034,NA
"80","5","half removal","right","SAAP","green",-0.866104902420369,"1",1.02114015771554,-0.53686158764573,-0.13514816732941,"1",0.114914539534034,2.50128336241059
"81","5","half removal","right","SAAP","blue",-0.32537635312144,"1",1.02114015771554,-0.349471652506401,-0.13514816732941,"1",0.114914539534034,0.175722230127153
"82","5","half removal","left","CEOL","green",-0.908239594573533,"1",1.02114015771554,-0.510187483608388,-0.13514816732941,"1",0.114914539534034,1.18825464028924
"83","5","half removal","left","CEOL","blue",-0.743212050306976,"1",1.02114015771554,-0.53187348728219,-0.13514816732941,"1",0.114914539534034,1.02725156042715
"84","5","half removal","left","HEAR","S",-0.434224307850445,"0",1.02114015771554,-0.266428232431602,-0.13514816732941,"1",0.114914539534034,1.09176582430423
"85","5","half removal","left","HEAR","C",1.36703378169729,"0",1.02114015771554,0.774998691693239,-0.13514816732941,"1",0.114914539534034,0.0612860850899482
"86","5","half removal","left","HEAR","R",0.966754206242236,"1",1.02114015771554,4.0073630130839,-0.13514816732941,"1",0.114914539534034,-0.157881760084513
"87","5","half removal","left","RHOV","green",-0.904728370227436,"0",1.02114015771554,-0.518632065162688,-0.13514816732941,"1",0.114914539534034,NA
"88","5","half removal","left","RHOV","blue",-0.739700825960879,"0",1.02114015771554,-0.472414397139046,-0.13514816732941,"1",0.114914539534034,NA
"89","5","half removal","left","SAAP","green",-0.799391639844527,"0",1.02114015771554,-0.548497043773616,-0.13514816732941,"1",0.114914539534034,NA
"90","5","half removal","left","SAAP","blue",-0.918773267611823,"0",1.02114015771554,-0.53669256808271,-0.13514816732941,"1",0.114914539534034,NA
"91","6","none","right","CEOL","green",-0.0550120784719751,"0",-0.956626418430674,-0.547875500010376,0.113341057168685,"1",0.511365579405727,NA
"92","6","none","right","CEOL","blue",-0.802902864190624,"0",-0.956626418430674,-0.552990489554147,0.113341057168685,"1",0.511365579405727,NA
"93","6","none","right","HEAR","S",1.26871950000657,"1",-0.956626418430674,1.28231800705311,0.113341057168685,"1",0.511365579405727,-0.288323121132818
"94","6","none","right","HEAR","C",0.98431032797272,"1",-0.956626418430674,1.3095186397126,0.113341057168685,"1",0.511365579405727,-1.87523860748988
"95","6","none","right","HEAR","R",-0.265685539237792,"0",-0.956626418430674,0.401130686626124,0.113341057168685,"1",0.511365579405727,NA
"96","6","none","right","RHOV","green",-0.701077358153813,"1",-0.956626418430674,-0.501591406987197,0.113341057168685,"1",0.511365579405727,-1.2361213320032
"97","6","none","right","RHOV","blue",-0.739700825960879,"1",-0.956626418430674,-0.521757090586077,0.113341057168685,"1",0.511365579405727,-0.23642872525621
"98","6","none","right","SAAP","green",-0.974952857149375,"0",-0.956626418430674,-0.552073161555621,0.113341057168685,"1",0.511365579405727,NA
"99","6","none","left","CEOL","green",-0.91175081891963,"0",-0.956626418430674,-0.541503929389376,0.113341057168685,"1",0.511365579405727,NA
"100","6","none","left","CEOL","blue",-0.490403897387996,"0",-0.956626418430674,-0.52898926026387,0.113341057168685,"1",0.511365579405727,NA
"101","6","none","left","HEAR","S",2.88037147486507,"1",-0.956626418430674,2.23512521435977,0.113341057168685,"1",0.511365579405727,0.204407145910509
"102","6","none","left","HEAR","C",1.23009603219951,"1",-0.956626418430674,1.27115665650611,0.113341057168685,"1",0.511365579405727,-0.724487494573101
"103","6","none","left","HEAR","R",0.257486888330653,"1",-0.956626418430674,0.653169177967,0.113341057168685,"1",0.511365579405727,-0.216395727356888
"104","6","none","left","RHOV","green",-0.490403897387996,"0",-0.956626418430674,-0.51036149905352,0.113341057168685,"1",0.511365579405727,0.0893401590213393
"105","6","none","left","RHOV","blue",-0.560628384309935,"0",-0.956626418430674,-0.443103292212168,0.113341057168685,"1",0.511365579405727,-0.224179349240404
"106","6","none","left","SAAP","green",-1.11891305533935,"0",-0.956626418430674,-0.552221749361521,0.113341057168685,"1",0.511365579405727,NA
"107","6","none","left","SAAP","blue",-0.0550120784719751,"0",-0.956626418430674,-0.555469821856842,0.113341057168685,"1",0.511365579405727,NA
"108","7","none","right","CEOL","green",-0.676498787731134,"0",-0.757632753593643,-0.542323212552986,1.35578717965915,"1",-0.915858164132369,NA
"109","7","none","right","CEOL","blue",-0.395600840043379,"0",-0.757632753593643,-0.51683919196369,1.35578717965915,"1",-0.915858164132369,NA
"110","7","none","right","HEAR","S",0.759591969822516,"1",-0.757632753593643,0.805515127106092,1.35578717965915,"1",-0.915858164132369,-1.55376998251602
"111","7","none","right","HEAR","C",1.19849501308463,"0",-0.757632753593643,1.89722415208902,1.35578717965915,"1",-0.915858164132369,-0.997025629077595
"112","7","none","right","HEAR","R",-0.0339447323953934,"0",-0.757632753593643,-0.46431258082564,1.35578717965915,"1",-0.915858164132369,NA
"113","7","none","right","RHOV","green",-0.504448794772384,"1",-0.757632753593643,-0.308084364381138,1.35578717965915,"1",-0.915858164132369,-1.19573432557722
"114","7","none","right","RHOV","blue",-0.78534674246014,"0",-0.757632753593643,-0.537853853875926,1.35578717965915,"1",-0.915858164132369,NA
"115","7","none","right","SAAP","green",-0.894194697189145,"0",-0.757632753593643,-0.551147709412354,1.35578717965915,"1",-0.915858164132369,NA
"116","7","none","right","SAAP","blue",-0.820458985921109,"1",-0.757632753593643,-0.519254231465755,1.35578717965915,"1",-0.915858164132369,0.42916748526353
"117","7","none","left","CEOL","green",-0.49742634608019,"1",-0.757632753593643,-0.534761553296109,1.35578717965915,"1",-0.915858164132369,-2.52998037040107
"118","7","none","left","CEOL","blue",-0.139281462778302,"0",-0.757632753593643,-0.496115961695782,1.35578717965915,"1",-0.915858164132369,NA
"119","7","none","left","HEAR","S",2.06225620222448,"0",-0.757632753593643,1.53704967831507,1.35578717965915,"1",-0.915858164132369,NA
"120","7","none","left","HEAR","C",2.98921942959408,"1",-0.757632753593643,1.67149392406834,1.35578717965915,"1",-0.915858164132369,-1.36296201203966
"121","7","none","left","HEAR","R",-0.539561038233353,"0",-0.757632753593643,-0.531395687964996,1.35578717965915,"1",-0.915858164132369,NA
"122","7","none","left","RHOV","green",-0.79588041549843,"1",-0.757632753593643,-0.516056825411818,1.35578717965915,"1",-0.915858164132369,-0.103675659388142
"123","7","none","left","RHOV","blue",-0.915262043265726,"0",-0.757632753593643,-0.542536084858984,1.35578717965915,"1",-0.915858164132369,NA
"124","7","none","left","SAAP","green",-1.0662446901479,"0",-0.757632753593643,-0.554205671732883,1.35578717965915,"1",-0.915858164132369,NA
"125","8","half removal","right","CEOL","green",-0.550094711271644,"0",-0.843140282186936,-0.525625029099803,0.361830281666774,"1",1.0663970352261,NA
"126","8","half removal","right","CEOL","blue",-0.964419184111084,"0",-0.843140282186936,-0.534126266966189,0.361830281666774,"1",1.0663970352261,NA
"127","8","half removal","right","HEAR","S",0.900040943666394,"1",-0.843140282186936,0.73045064435852,0.361830281666774,"1",1.0663970352261,0.276398008645848
"128","8","half removal","right","HEAR","C",0.527851162980118,"1",-0.843140282186936,1.2376123326342,0.361830281666774,"1",1.0663970352261,0.179760687612373
"129","8","half removal","right","HEAR","R",0.93866441147346,"1",-0.843140282186936,0.423835803560159,0.361830281666774,"1",1.0663970352261,0.108379123494194
"130","8","half removal","right","RHOV","green",-0.588718179078711,"0",-0.843140282186936,-0.499366823169528,0.361830281666774,"1",1.0663970352261,NA
"131","8","half removal","right","RHOV","blue",-0.525516140848966,"1",-0.843140282186936,-0.506125706943873,0.361830281666774,"1",1.0663970352261,-1.2914797447048
"132","8","half removal","right","SAAP","green",-0.890683472843048,"0",-0.843140282186936,-0.551347933784201,0.361830281666774,"1",1.0663970352261,NA
"133","8","half removal","right","SAAP","blue",-0.91175081891963,"0",-0.843140282186936,-0.547657113039077,0.361830281666774,"1",1.0663970352261,NA
"134","8","half removal","left","CEOL","green",-0.514982467810675,"0",-0.843140282186936,-0.525539144542842,0.361830281666774,"1",1.0663970352261,NA
"135","8","half removal","left","CEOL","blue",-0.743212050306976,"0",-0.843140282186936,-0.539904251050012,0.361830281666774,"1",1.0663970352261,NA
"136","8","half removal","left","HEAR","S",1.08964705835563,"1",-0.843140282186936,-0.221923098842289,0.361830281666774,"1",1.0663970352261,-1.80744408464935
"137","8","half removal","left","HEAR","C",0.643721566401317,"1",-0.843140282186936,1.62105599630373,0.361830281666774,"1",1.0663970352261,0.309269325715751
"138","8","half removal","left","HEAR","R",1.32841031389022,"0",-0.843140282186936,1.85955100401323,0.361830281666774,"1",1.0663970352261,NA
"139","8","half removal","left","RHOV","green",-0.630852871231874,"1",-0.843140282186936,-0.514551939136773,0.361830281666774,"1",1.0663970352261,-0.362421846354335
"140","8","half removal","left","RHOV","blue",-0.866104902420369,"1",-0.843140282186936,-0.536712437478854,0.361830281666774,"1",1.0663970352261,0.157721650369558
"141","8","half removal","left","SAAP","green",-0.550094711271644,"1",-0.843140282186936,-0.547188745200262,0.361830281666774,"1",1.0663970352261,-0.0484089288437591
"142","8","half removal","left","SAAP","blue",-1.08731203622448,"0",-0.843140282186936,-0.551957192761522,0.361830281666774,"1",1.0663970352261,NA
"143","9","full removal","right","CEOL","green",-0.560628384309935,"0",0.787422471206635,-0.536538530978192,-0.20291795582889,"1",0.511365579405727,NA
"144","9","full removal","right","CEOL","blue",-1.04166611972522,"0",0.787422471206635,-0.552327811471841,-0.20291795582889,"1",0.511365579405727,NA
"145","9","full removal","right","HEAR","S",2.13950313783862,"1",0.787422471206635,0.241578553659182,-0.20291795582889,"1",0.511365579405727,-0.243133373415668
"146","9","full removal","right","HEAR","C",0.647232790747414,"1",0.787422471206635,0.856103128471651,-0.20291795582889,"1",0.511365579405727,-0.688202323244665
"147","9","full removal","right","HEAR","R",0.0643695492953209,"1",0.787422471206635,-0.126999730498229,-0.20291795582889,"1",0.511365579405727,-1.18578134850844
"148","9","full removal","right","RHOV","green",-0.486892673041899,"0",0.787422471206635,-0.426973031091795,-0.20291795582889,"1",0.511365579405727,NA
"149","9","full removal","right","RHOV","blue",-0.378044718312894,"0",0.787422471206635,-0.467295563411844,-0.20291795582889,"1",0.511365579405727,NA
"150","9","full removal","right","SAAP","green",-0.557117159963838,"0",0.787422471206635,-0.548195703370374,-0.20291795582889,"1",0.511365579405727,NA
"151","9","full removal","right","SAAP","blue",-0.757256947691364,"0",0.787422471206635,-0.539856938023162,-0.20291795582889,"1",0.511365579405727,NA
"152","9","full removal","left","CEOL","green",-0.630852871231874,"1",0.787422471206635,-0.521469601693985,-0.20291795582889,"1",0.511365579405727,-1.3840250972521
"153","9","full removal","left","CEOL","blue",-0.202483501008047,"0",0.787422471206635,-0.507176087266916,-0.20291795582889,"1",0.511365579405727,NA
"154","9","full removal","left","HEAR","S",2.13950313783862,"1",0.787422471206635,0.952803069846907,-0.20291795582889,"1",0.511365579405727,0.133297314710225
"155","9","full removal","left","HEAR","C",0.763103194168613,"1",0.787422471206635,0.101734371507682,-0.20291795582889,"1",0.511365579405727,0.22974623262624
"156","9","full removal","left","HEAR","R",1.18796134004634,"1",0.787422471206635,1.12529868774783,-0.20291795582889,"1",0.511365579405727,-2.06170882772503
"157","9","full removal","left","RHOV","green",-0.392089615697282,"0",0.787422471206635,-0.430037384821215,-0.20291795582889,"1",0.511365579405727,NA
"158","9","full removal","left","RHOV","blue",-0.897705921535242,"0",0.787422471206635,-0.55122353995111,-0.20291795582889,"1",0.511365579405727,NA
"159","9","full removal","left","SAAP","green",-0.53253858954116,"0",0.787422471206635,-0.550377031045733,-0.20291795582889,"1",0.511365579405727,NA
"160","9","full removal","left","SAAP","blue",-0.988997754533762,"0",0.787422471206635,-0.553007158058014,-0.20291795582889,"1",0.511365579405727,NA
"161","10","half removal","right","CEOL","green",0.0608583249492241,"1",0.573224363417058,-0.437020445187249,0.474779929165909,"1",-0.432187895488903,-0.220688619557127
"162","10","half removal","right","CEOL","blue",-0.996020203225956,"1",0.573224363417058,-0.541191663412171,0.474779929165909,"1",-0.432187895488903,0.741600796003528
"163","10","half removal","right","HEAR","S",1.15636032093147,"0",0.573224363417058,1.6442363653295,0.474779929165909,"1",-0.432187895488903,NA
"164","10","half removal","right","HEAR","C",2.07630109960887,"1",0.573224363417058,1.07837363290664,0.474779929165909,"1",-0.432187895488903,0.180035670245968
"165","10","half removal","right","HEAR","R",3.40705512677961,"1",0.573224363417058,2.28058854049941,0.474779929165909,"1",-0.432187895488903,-0.0339008848028563
"166","10","half removal","right","RHOV","green",-0.353466147890215,"1",0.573224363417058,-0.505744971961366,0.474779929165909,"1",-0.432187895488903,-1.9671269196118
"167","10","half removal","right","RHOV","blue",-0.32537635312144,"1",0.573224363417058,-0.470759857477431,0.474779929165909,"1",-0.432187895488903,-0.9659087083692
"168","10","half removal","right","SAAP","green",-0.539561038233353,"1",0.573224363417058,-0.537466613352228,0.474779929165909,"1",-0.432187895488903,0.546660427632908
"169","10","half removal","right","SAAP","blue",-0.525516140848966,"0",0.573224363417058,-0.545711893968758,0.474779929165909,"1",-0.432187895488903,NA
"170","10","half removal","left","CEOL","green",-0.065545751510266,"1",0.573224363417058,-0.310516067199238,0.474779929165909,"1",-0.432187895488903,0.376395741731545
"171","10","half removal","left","CEOL","blue",-0.269196763583889,"1",0.573224363417058,-0.411869390024404,0.474779929165909,"1",-0.432187895488903,0.0780013241808621
"172","10","half removal","left","HEAR","S",0.703412380284965,"1",0.573224363417058,1.32573499290321,0.474779929165909,"1",-0.432187895488903,-2.41688305296432
"173","10","half removal","left","HEAR","C",0.117037914486775,"1",0.573224363417058,0.270688671602926,0.474779929165909,"1",-0.432187895488903,-0.15510300878877
"174","10","half removal","left","HEAR","R",1.26520827566048,"1",0.573224363417058,0.687834555995807,0.474779929165909,"1",-0.432187895488903,0.0376665928605524
"175","10","half removal","left","RHOV","green",-0.493915121734093,"0",0.573224363417058,-0.453989163697903,0.474779929165909,"1",-0.432187895488903,NA
"176","10","half removal","left","RHOV","blue",-0.444757980888736,"1",0.573224363417058,-0.30853667588025,0.474779929165909,"1",-0.432187895488903,-0.176154856523869
"177","10","half removal","left","SAAP","green",-0.448269205234833,"0",0.573224363417058,-0.526432800464447,0.474779929165909,"1",-0.432187895488903,NA
"178","10","half removal","left","SAAP","blue",-0.880149799804757,"0",0.573224363417058,-0.548545492935649,0.474779929165909,"1",-0.432187895488903,NA
"179","11","none","right","CEOL","green",-0.609785525155292,"0",0.77504764988288,-0.533092264628426,-0.13514816732941,"1",-1.11804819446693,NA
"180","11","none","right","CEOL","blue",-0.91175081891963,"0",0.77504764988288,-0.544890795063985,-0.13514816732941,"1",-1.11804819446693,NA
"181","11","none","right","HEAR","S",1.9253184527267,"0",0.77504764988288,1.69628868931255,-0.13514816732941,"1",-1.11804819446693,NA
"182","11","none","right","HEAR","C",0.64021034205522,"0",0.77504764988288,-0.339956390642867,-0.13514816732941,"1",-1.11804819446693,NA
"183","11","none","right","HEAR","R",-1.21722733703006,"0",0.77504764988288,-0.555641539092446,-0.13514816732941,"1",-1.11804819446693,NA
"184","11","none","right","RHOV","green",-0.132259014086108,"1",0.77504764988288,-0.392713227384591,-0.13514816732941,"1",-1.11804819446693,-0.932077292993994
"185","11","none","right","RHOV","blue",-0.620319198193583,"0",0.77504764988288,-0.51225570098502,-0.13514816732941,"1",-1.11804819446693,NA
"186","11","none","right","SAAP","green",1.32841031389022,"1",0.77504764988288,0.763406221940405,-0.13514816732941,"1",-1.11804819446693,-3.55629420657584
"187","11","none","right","SAAP","blue",0.889507270628103,"0",0.77504764988288,0.146161874380573,-0.13514816732941,"1",-1.11804819446693,NA
"188","11","none","left","CEOL","green",-0.852060005035982,"0",0.77504764988288,-0.545728484655146,-0.13514816732941,"1",-1.11804819446693,NA
"189","11","none","left","CEOL","blue",-0.764279396383558,"0",0.77504764988288,-0.534227310367937,-0.13514816732941,"1",-1.11804819446693,NA
"190","11","none","left","HEAR","S",0.117037914486775,"0",0.77504764988288,-0.268666994593831,-0.13514816732941,"1",-1.11804819446693,NA
"191","11","none","left","HEAR","C",0.541896060364505,"1",0.77504764988288,0.00287618830898387,-0.13514816732941,"1",-1.11804819446693,-5.08776918945541
"192","11","none","left","HEAR","R",1.34245521127461,"0",0.77504764988288,-0.18063917307963,-0.13514816732941,"1",-1.11804819446693,NA
"193","11","none","left","RHOV","green",-0.845037556343788,"0",0.77504764988288,-0.528361532605016,-0.13514816732941,"1",-1.11804819446693,NA
"194","11","none","left","RHOV","blue",-0.490052774953387,"0",0.77504764988288,-0.510232403488386,-0.13514816732941,"1",-1.11804819446693,NA
"195","11","none","left","SAAP","green",-0.413156961773863,"1",0.77504764988288,-0.318008271762755,-0.13514816732941,"1",-1.11804819446693,-2.36239789617911
"196","11","none","left","SAAP","blue",-0.220039622738532,"0",0.77504764988288,-0.365424951493127,-0.13514816732941,"1",-1.11804819446693,NA
"197","12","full removal","right","CEOL","green",-0.848548780689885,"1",0.938829855174458,-0.550124279875987,1.73981598115622,"1",-1.55017982792708,0.104244936006338
"198","12","full removal","right","CEOL","blue",-0.637875319924068,"0",0.938829855174458,-0.441314693786648,1.73981598115622,"1",-1.55017982792708,NA
"199","12","full removal","right","HEAR","S",1.1177368531244,"1",0.938829855174458,0.303450452536677,1.73981598115622,"1",-1.55017982792708,-0.181655117838401
"200","12","full removal","right","HEAR","C",0.275043010061138,"1",0.938829855174458,-0.044393675778863,1.73981598115622,"1",-1.55017982792708,-0.275035308762559
"201","12","full removal","right","HEAR","R",0.661277688131801,"1",0.938829855174458,-0.130335298891096,1.73981598115622,"1",-1.55017982792708,-0.302913328906817
"202","12","full removal","right","RHOV","green",-0.321865128775343,"1",0.938829855174458,-0.29941711589423,1.73981598115622,"1",-1.55017982792708,-0.679836822178686
"203","12","full removal","right","RHOV","blue",-0.778324293767946,"0",0.938829855174458,-0.526239501848175,1.73981598115622,"1",-1.55017982792708,NA
"204","12","full removal","right","SAAP","green",-0.848548780689885,"1",0.938829855174458,-0.529284759168402,1.73981598115622,"1",-1.55017982792708,0.954900547069894
"205","12","full removal","right","SAAP","blue",-0.918773267611823,"1",0.938829855174458,-0.546752189146604,1.73981598115622,"1",-1.55017982792708,0.492961457819911
"206","12","full removal","left","RHOV","green",-0.91175081891963,"1",0.938829855174458,-0.52286658106569,1.73981598115622,"1",-1.55017982792708,-0.740442653060964
"207","12","full removal","left","SAAP","green",-0.476359000003609,"1",0.938829855174458,-0.521275369267973,1.73981598115622,"1",-1.55017982792708,3.47959728252132
"208","12","full removal","left","SAAP","blue",-0.883661024150854,"0",0.938829855174458,-0.553954974944565,1.73981598115622,"1",-1.55017982792708,NA
"209","12","full removal","left","CEOL","green",-1.03113244668693,"1",0.938829855174458,-0.550428442459777,1.73981598115622,"1",-1.55017982792708,1.9803129398097
"210","12","full removal","left","CEOL","blue",-0.356977372236312,"0",0.938829855174458,-0.415919219112073,1.73981598115622,"1",-1.55017982792708,NA
"211","12","full removal","left","HEAR","S",1.15636032093147,"1",0.938829855174458,0.935220241736113,1.73981598115622,"1",-1.55017982792708,0.260481910151448
"212","12","full removal","left","HEAR","C",1.13529297485489,"1",0.938829855174458,1.00414673080576,1.73981598115622,"1",-1.55017982792708,-0.0460885725805373
"213","12","full removal","left","HEAR","R",0.264509337022847,"1",0.938829855174458,0.393375583493681,1.73981598115622,"1",-1.55017982792708,-0.729264317565553
"214","12","full removal","left","RHOV","blue",-0.75023449899917,"1",0.938829855174458,-0.46493097038709,1.73981598115622,"1",-1.55017982792708,-0.0304944270429421
"215","13","full removal","right","CEOL","green",-0.708099806846007,"0",-0.836473740902242,-0.555527510547474,1.28801739115967,"1",1.12982920160557,NA
"216","13","full removal","right","CEOL","blue",-0.602763076463098,"0",-0.836473740902242,-0.552832328123275,1.28801739115967,"1",1.12982920160557,NA
"217","13","full removal","right","HEAR","S",1.99554293964864,"1",-0.836473740902242,1.18422965660443,1.28801739115967,"1",1.12982920160557,-0.155706005604328
"218","13","full removal","right","HEAR","C",1.50397153119507,"0",-0.836473740902242,-0.0565145262098313,1.28801739115967,"1",1.12982920160557,NA
"219","13","full removal","right","HEAR","R",1.18796134004634,"0",-0.836473740902242,0.108215996794425,1.28801739115967,"1",1.12982920160557,NA
"220","13","full removal","right","RHOV","green",-0.743212050306976,"1",-0.836473740902242,-0.526483952486896,1.28801739115967,"1",1.12982920160557,-0.166115585839048
"221","13","full removal","right","RHOV","blue",-0.848548780689885,"0",-0.836473740902242,-0.526721970214072,1.28801739115967,"1",1.12982920160557,NA
"222","13","full removal","right","SAAP","green",-1.19967121529958,"0",-0.836473740902242,-0.555212194125117,1.28801739115967,"1",1.12982920160557,NA
"223","13","full removal","right","SAAP","blue",-1.19967121529958,"0",-0.836473740902242,-0.554617357320454,1.28801739115967,"1",1.12982920160557,NA
"224","13","full removal","left","SAAP","green",-0.901217145881339,"1",-0.836473740902242,-0.543301295250792,1.28801739115967,"1",1.12982920160557,3.55985351487643
"225","13","full removal","left","CEOL","green",-0.504448794772384,"0",-0.836473740902242,-0.501007962661367,1.28801739115967,"1",1.12982920160557,NA
"226","13","full removal","left","CEOL","blue",-0.483381448695802,"0",-0.836473740902242,-0.553931909843976,1.28801739115967,"1",1.12982920160557,NA
"227","13","full removal","left","HEAR","S",2.09736844568545,"1",-0.836473740902242,1.0696780744211,1.28801739115967,"1",1.12982920160557,-0.375925005344835
"228","13","full removal","left","HEAR","C",1.18093889135415,"0",-0.836473740902242,1.15098326991804,1.28801739115967,"1",1.12982920160557,NA
"229","13","full removal","left","HEAR","R",0.64021034205522,"0",-0.836473740902242,0.180317241843972,1.28801739115967,"1",1.12982920160557,NA
"230","13","full removal","left","RHOV","green",-0.887172248496951,"0",-0.836473740902242,-0.521251951394815,1.28801739115967,"1",1.12982920160557,NA
"231","13","full removal","left","RHOV","blue",-0.392089615697282,"0",-0.836473740902242,-0.553752649500802,1.28801739115967,"1",1.12982920160557,NA
"232","14","none","right","CEOL","green",-0.852411127470591,"0",-0.532117290184284,-0.532187762651945,0.949168448662268,"1",-0.122956084388982,NA
"233","14","none","right","CEOL","blue",-0.698268378676935,"0",-0.532117290184284,-0.542072274385226,0.949168448662268,"1",-0.122956084388982,NA
"234","14","none","right","HEAR","S",3.52433001993925,"1",-0.532117290184284,4.83482016317868,0.949168448662268,"1",-0.122956084388982,-3.97116802753599
"235","14","none","right","HEAR","C",1.29716041720996,"0",-0.532117290184284,-0.535565478236178,0.949168448662268,"1",-0.122956084388982,NA
"236","14","none","right","HEAR","R",1.35474449648595,"0",-0.532117290184284,-0.55377116033347,0.949168448662268,"1",-0.122956084388982,NA
"237","14","none","right","RHOV","green",-1.02410999799473,"0",-0.532117290184284,-0.547055764467824,0.949168448662268,"1",-0.122956084388982,NA
"238","14","none","right","RHOV","blue",-0.79623153793304,"0",-0.532117290184284,-0.526824017907444,0.949168448662268,"1",-0.122956084388982,NA
"239","14","none","right","SAAP","green",-0.537454303625695,"0",-0.532117290184284,-0.539979439916217,0.949168448662268,"1",-0.122956084388982,NA
"240","14","none","right","SAAP","blue",0.0380353666995939,"0",-0.532117290184284,0.554753296994258,0.949168448662268,"1",-0.122956084388982,NA
"241","14","none","left","CEOL","green",-1.12944672837764,"0",-0.532117290184284,-0.555636932297726,0.949168448662268,"1",-0.122956084388982,NA
"242","14","none","left","CEOL","blue",-0.427201859158251,"1",-0.532117290184284,-0.487691316979441,0.949168448662268,"1",-0.122956084388982,0.749862247407326
"243","14","none","left","HEAR","S",2.20621640041446,"0",-0.532117290184284,-0.354107239692924,0.949168448662268,"1",-0.122956084388982,NA
"244","14","none","left","HEAR","C",1.15284909658537,"0",-0.532117290184284,0.661088169896723,0.949168448662268,"1",-0.122956084388982,NA
"245","14","none","left","HEAR","R",0.520828714287924,"0",-0.532117290184284,-0.554238230565833,0.949168448662268,"1",-0.122956084388982,NA
"246","14","none","left","RHOV","green",-0.49742634608019,"0",-0.532117290184284,-0.496318992684683,0.949168448662268,"1",-0.122956084388982,NA
"247","14","none","left","RHOV","blue",-0.286752885314373,"0",-0.532117290184284,-0.438233536669733,0.949168448662268,"1",-0.122956084388982,NA
"248","14","none","left","SAAP","green",0.977287879280527,"1",-0.532117290184284,1.43785808872421,0.949168448662268,"1",-0.122956084388982,-2.07889685000468
"249","14","none","left","SAAP","blue",-0.356977372236312,"0",-0.532117290184284,-0.107231133927978,0.949168448662268,"1",-0.122956084388982,NA
"250","15","half removal","right","CEOL","green",-1.11189060664716,"0",-0.217018535169915,-0.55558403197593,1.4687368271583,"1",-1.31230920400406,NA
"251","15","half removal","right","CEOL","blue",-0.725655928576492,"1",-0.217018535169915,-0.458745912698248,1.4687368271583,"1",-1.31230920400406,-1.06552707280784
"252","15","half removal","right","HEAR","S",0.836838905436649,"0",-0.217018535169915,2.11699570902893,1.4687368271583,"1",-1.31230920400406,NA
"253","15","half removal","right","HEAR","C",2.92601739136433,"0",-0.217018535169915,6.07641437519503,1.4687368271583,"1",-1.31230920400406,NA
"254","15","half removal","right","HEAR","R",-0.0409671810875873,"0",-0.217018535169915,-0.278210296688737,1.4687368271583,"1",-1.31230920400406,NA
"255","15","half removal","right","RHOV","green",-0.988997754533762,"1",-0.217018535169915,-0.512176794061953,1.4687368271583,"1",-1.31230920400406,0.599818057790582
"256","15","half removal","right","RHOV","blue",-0.848548780689885,"0",-0.217018535169915,-0.515461884850517,1.4687368271583,"1",-1.31230920400406,NA
"257","15","half removal","right","SAAP","green",-0.637875319924068,"0",-0.217018535169915,-0.526354931107758,1.4687368271583,"1",-1.31230920400406,NA
"258","15","half removal","right","SAAP","blue",-1.09433448491667,"0",-0.217018535169915,-0.553138513961503,1.4687368271583,"1",-1.31230920400406,NA
"259","15","half removal","left","CEOL","green",-0.327834210163708,"1",-0.217018535169915,-0.389848659136441,1.4687368271583,"1",-1.31230920400406,-0.552776949453496
"260","15","half removal","left","CEOL","blue",-0.958450102722719,"1",-0.217018535169915,-0.53673548660092,1.4687368271583,"1",-1.31230920400406,0.905717656554218
"261","15","half removal","left","HEAR","S",1.22763817515724,"0",-0.217018535169915,1.71181304939392,1.4687368271583,"1",-1.31230920400406,NA
"262","15","half removal","left","HEAR","C",1.51450520423336,"0",-0.217018535169915,0.258477620338862,1.4687368271583,"1",-1.31230920400406,NA
"263","15","half removal","left","HEAR","R",1.47939296077239,"0",-0.217018535169915,-0.553737119674157,1.4687368271583,"1",-1.31230920400406,NA
"264","15","half removal","left","RHOV","green",-1.0627334658018,"0",-0.217018535169915,-0.522389964574167,1.4687368271583,"1",-1.31230920400406,NA
"265","15","half removal","left","RHOV","blue",-0.889981227973829,"0",-0.217018535169915,-0.518084711805152,1.4687368271583,"1",-1.31230920400406,NA
"266","15","half removal","left","SAAP","green",-0.985837652622275,"0",-0.217018535169915,-0.550667142905629,1.4687368271583,"1",-1.31230920400406,NA
"267","15","half removal","left","SAAP","blue",-0.813787659663525,"0",-0.217018535169915,-0.545469489021847,1.4687368271583,"1",-1.31230920400406,NA
"268","16","full removal","right","CEOL","green",-0.392089615697282,"0",-0.875698591467349,-0.545845771158546,1.62686633365707,"1",0.451897923424973,NA
"269","16","full removal","right","CEOL","blue",-0.550094711271644,"1",-0.875698591467349,-0.53373052358602,1.62686633365707,"1",0.451897923424973,0.398206106829836
"270","16","full removal","right","HEAR","S",1.1177368531244,"0",-0.875698591467349,2.398764497677,1.62686633365707,"1",0.451897923424973,NA
"271","16","full removal","right","HEAR","C",0.204818523139199,"0",-0.875698591467349,0.210279585683837,1.62686633365707,"1",0.451897923424973,NA
"272","16","full removal","right","HEAR","R",1.43374704427313,"0",-0.875698591467349,-0.331243219468056,1.62686633365707,"1",0.451897923424973,NA
"273","16","full removal","right","RHOV","green",-0.672987563385037,"0",-0.875698591467349,-0.483691394834566,1.62686633365707,"1",0.451897923424973,NA
"274","16","full removal","right","RHOV","blue",-0.708099806846007,"1",-0.875698591467349,-0.478122153542556,1.62686633365707,"1",0.451897923424973,-1.16265610305868
"275","16","full removal","right","SAAP","green",0.0468134275648363,"0",-0.875698591467349,0.856193733955634,1.62686633365707,"1",0.451897923424973,NA
"276","16","full removal","right","SAAP","blue",0.520828714287924,"0",-0.875698591467349,0.608466745943027,1.62686633365707,"1",0.451897923424973,NA
"277","16","full removal","left","CEOL","green",-0.585206954732614,"1",-0.875698591467349,-0.494375319588266,1.62686633365707,"1",0.451897923424973,-1.18031887196784
"278","16","full removal","left","CEOL","blue",-0.360488596582409,"0",-0.875698591467349,-0.519119617603838,1.62686633365707,"1",0.451897923424973,NA
"279","16","full removal","left","HEAR","S",0.949198084511751,"0",-0.875698591467349,-0.424622512654963,1.62686633365707,"1",0.451897923424973,NA
"280","16","full removal","left","HEAR","C",0.73150217505374,"1",-0.875698591467349,-0.104126579689232,1.62686633365707,"1",0.451897923424973,-0.27784980708104
"281","16","full removal","left","HEAR","R",1.28627562173706,"0",-0.875698591467349,0.106895828461704,1.62686633365707,"1",0.451897923424973,NA
"282","16","full removal","left","RHOV","green",-1.10837938230106,"0",-0.875698591467349,-0.547155968478372,1.62686633365707,"1",0.451897923424973,NA
"283","16","full removal","left","RHOV","blue",-1.04517734407131,"0",-0.875698591467349,-0.533673955467077,1.62686633365707,"1",0.451897923424973,NA
"284","16","full removal","left","SAAP","green",-0.142792687124399,"1",-0.875698591467349,0.0106174191789493,1.62686633365707,"1",0.451897923424973,1.17935786851957
"285","16","full removal","left","SAAP","blue",0.668300136823995,"0",-0.875698591467349,0.131756178276685,1.62686633365707,"1",0.451897923424973,NA
"286","17","half removal","right","CEOL","green",-0.286752885314373,"0",-0.85989235955918,-0.523308376829558,1.53650661565778,"1",-0.321181604324829,NA
"287","17","half removal","right","CEOL","blue",0.0994817927562904,"0",-0.85989235955918,-0.530130375766694,1.53650661565778,"1",-0.321181604324829,NA
"288","17","half removal","right","HEAR","S",1.43374704427313,"1",-0.85989235955918,0.425025010264615,1.53650661565778,"1",-0.321181604324829,0.312619192341543
"289","17","half removal","right","HEAR","C",1.64442050503895,"0",-0.85989235955918,1.37124632723918,1.53650661565778,"1",-0.321181604324829,NA
"290","17","half removal","right","HEAR","R",-0.0760794245485568,"0",-0.85989235955918,-0.135709892730543,1.53650661565778,"1",-0.321181604324829,NA
"291","17","half removal","right","RHOV","green",-0.427201859158251,"0",-0.85989235955918,-0.512753732846591,1.53650661565778,"1",-0.321181604324829,NA
"292","17","half removal","right","RHOV","blue",-0.953885511072793,"0",-0.85989235955918,-0.532879407885924,1.53650661565778,"1",-0.321181604324829,NA
"293","17","half removal","right","SAAP","green",0.801726661975679,"0",-0.85989235955918,0.290750640066633,1.53650661565778,"1",-0.321181604324829,NA
"294","17","half removal","right","SAAP","blue",-0.778324293767946,"0",-0.85989235955918,-0.5460074758786,1.53650661565778,"1",-0.321181604324829,NA
"295","17","half removal","left","CEOL","green",-0.216528398392435,"0",-0.85989235955918,-0.555509768162405,1.53650661565778,"1",-0.321181604324829,NA
"296","17","half removal","left","CEOL","blue",-0.349954923544118,"1",-0.85989235955918,-0.480313576738776,1.53650661565778,"1",-0.321181604324829,0.0651749487173895
"297","17","half removal","left","HEAR","S",1.11071440443221,"1",-0.85989235955918,0.747199497365786,1.53650661565778,"1",-0.321181604324829,-0.338204887397922
"298","17","half removal","left","HEAR","C",1.21605113481512,"0",-0.85989235955918,0.801521783132055,1.53650661565778,"1",-0.321181604324829,NA
"299","17","half removal","left","HEAR","R",1.45481439034971,"0",-0.85989235955918,0.89160855655513,1.53650661565778,"1",-0.321181604324829,NA
"300","17","half removal","left","RHOV","green",-0.420179410466057,"0",-0.85989235955918,-0.530221640105326,1.53650661565778,"1",-0.321181604324829,NA
"301","17","half removal","left","RHOV","blue",-0.936329389342308,"0",-0.85989235955918,-0.522785962158098,1.53650661565778,"1",-0.321181604324829,NA
"302","17","half removal","left","SAAP","green",-0.592229403424808,"0",-0.85989235955918,-0.544228049539864,1.53650661565778,"1",-0.321181604324829,NA
"303","17","half removal","left","SAAP","blue",-0.307820231390955,"1",-0.85989235955918,-0.306008111052907,1.53650661565778,"1",-0.321181604324829,-0.255607984823448
"304","18","none","right","HEAR","S",3.91302255505218,"0",1.07357290629149,1.9815577227674,0.316650422667124,"1",-0.0436658764146436,NA
"305","18","none","right","HEAR","C",-0.53148522223733,"0",1.07357290629149,-0.554414164554204,0.316650422667124,"1",-0.0436658764146436,NA
"306","18","none","right","HEAR","R",0.928481860869779,"0",1.07357290629149,-0.377217205357642,0.316650422667124,"1",-0.0436658764146436,NA
"307","18","none","right","RHOV","green",0.0376842442649841,"0",1.07357290629149,-0.459737627939195,0.316650422667124,"1",-0.0436658764146436,NA
"308","18","none","right","RHOV","blue",-0.904377247792826,"0",1.07357290629149,-0.54053260326676,0.316650422667124,"1",-0.0436658764146436,NA
"309","18","none","right","SAAP","green",-0.480923591653534,"0",1.07357290629149,-0.381584783047767,0.316650422667124,"1",-0.0436658764146436,NA
"310","18","none","right","SAAP","blue",-0.456345021230856,"0",1.07357290629149,-0.52893808460566,0.316650422667124,"1",-0.0436658764146436,NA
"311","18","none","left","CEOL","blue",-0.953885511072793,"1",1.07357290629149,-0.55197685464439,0.316650422667124,"1",-0.0436658764146436,-0.798446062566868
"312","18","none","left","HEAR","S",-0.848548780689885,"0",1.07357290629149,-0.555384741413823,0.316650422667124,"1",-0.0436658764146436,NA
"313","18","none","left","HEAR","C",0.520828714287924,"0",1.07357290629149,-0.54919628050726,0.316650422667124,"1",-0.0436658764146436,NA
"314","18","none","left","HEAR","R",-0.392089615697282,"1",1.07357290629149,-0.553354742794735,0.316650422667124,"1",-0.0436658764146436,-0.297123098759758
"315","18","none","left","RHOV","green",-0.813436537228915,"0",1.07357290629149,-0.466542290221218,0.316650422667124,"1",-0.0436658764146436,NA
"316","18","none","left","RHOV","blue",-1.02410999799473,"0",1.07357290629149,-0.530015828438532,0.316650422667124,"1",-0.0436658764146436,NA
"317","18","none","left","SAAP","green",-0.49742634608019,"0",1.07357290629149,-0.387232947033854,0.316650422667124,"1",-0.0436658764146436,NA
"318","18","none","left","SAAP","blue",-1.23478345876055,"0",1.07357290629149,-0.555644133008391,0.316650422667124,"1",-0.0436658764146436,NA
"319","19","full removal","right","CEOL","green",-0.209505949700241,"0",-0.649242047441097,-0.51825991085413,-1.24205471282091,"2",0.551010683392896,NA
"320","19","full removal","right","CEOL","blue",-0.251640641853404,"0",-0.649242047441097,-0.392275156484021,-1.24205471282091,"2",0.551010683392896,NA
"321","19","full removal","right","HEAR","S",0.98431032797272,"1",-0.649242047441097,2.90424330516545,-1.24205471282091,"2",0.551010683392896,0.852918341581619
"322","19","full removal","right","HEAR","C",1.86913886318915,"0",-0.649242047441097,1.63455714203904,-1.24205471282091,"2",0.551010683392896,NA
"323","19","full removal","right","HEAR","R",-0.174393706239271,"1",-0.649242047441097,-0.232483086292104,-1.24205471282091,"2",0.551010683392896,1.61460511087677
"324","19","full removal","right","RHOV","green",-0.395600840043379,"1",-0.649242047441097,-0.404340881013312,-1.24205471282091,"2",0.551010683392896,0.096034416276865
"325","19","full removal","right","RHOV","blue",-0.251640641853404,"0",-0.649242047441097,-0.480179336400755,-1.24205471282091,"2",0.551010683392896,-0.500062522717713
"326","19","full removal","right","SAAP","green",-0.209505949700241,"0",-0.649242047441097,-0.527257727989156,-1.24205471282091,"2",0.551010683392896,NA
"327","19","full removal","right","SAAP","blue",-0.827481434613303,"0",-0.649242047441097,-0.525824060270315,-1.24205471282091,"2",0.551010683392896,NA
"328","19","full removal","left","CEOL","green",-0.490403897387996,"0",-0.649242047441097,-0.507516243028369,-1.24205471282091,"2",0.551010683392896,NA
"329","19","full removal","left","CEOL","blue",0.0503246519109331,"0",-0.649242047441097,-0.523113833133632,-1.24205471282091,"2",0.551010683392896,NA
"330","19","full removal","left","HEAR","S",0.510295041249633,"0",-0.649242047441097,0.855360168690826,-1.24205471282091,"2",0.551010683392896,0.953501594648085
"331","19","full removal","left","HEAR","C",1.67602152415382,"0",-0.649242047441097,1.37882363299704,-1.24205471282091,"2",0.551010683392896,-1.37562615184345
"332","19","full removal","left","HEAR","R",0.492738919519148,"0",-0.649242047441097,0.557147882820613,-1.24205471282091,"2",0.551010683392896,NA
"333","19","full removal","left","RHOV","green",-0.195461052315853,"0",-0.649242047441097,-0.49171966844308,-1.24205471282091,"2",0.551010683392896,NA
"334","19","full removal","left","RHOV","blue",-0.665965114692843,"0",-0.649242047441097,-0.528314676107373,-1.24205471282091,"2",0.551010683392896,NA
"335","19","full removal","left","SAAP","green",-0.483381448695802,"0",-0.649242047441097,-0.483693822739892,-1.24205471282091,"2",0.551010683392896,NA
"336","19","full removal","left","SAAP","blue",-0.188438603623659,"0",-0.649242047441097,-0.469340606743417,-1.24205471282091,"2",0.551010683392896,NA
"337","20","none","right","CEOL","green",-0.627341646885777,"0",-1.34253009146948,-0.495134859679816,-1.55831372581849,"2",-0.28153650033766,NA
"338","20","none","right","CEOL","blue",-0.999531427572053,"0",-1.34253009146948,-0.53847826132237,-1.55831372581849,"2",-0.28153650033766,NA
"339","20","none","right","HEAR","S",0.650744015093511,"1",-1.34253009146948,1.45410674135618,-1.55831372581849,"2",-0.28153650033766,0.527408441941371
"340","20","none","right","HEAR","C",2.45551332898734,"0",-1.34253009146948,0.812024014449425,-1.55831372581849,"2",-0.28153650033766,-0.802012859879404
"341","20","none","right","HEAR","R",1.45130316600361,"0",-1.34253009146948,1.72747388813451,-1.55831372581849,"2",-0.28153650033766,0.842576729551626
"342","20","none","right","RHOV","blue",-0.939840613688405,"0",-1.34253009146948,-0.538722836469056,-1.55831372581849,"2",-0.28153650033766,NA
"343","20","none","right","SAAP","green",-0.293775334006567,"0",-1.34253009146948,-0.499758898752549,-1.55831372581849,"2",-0.28153650033766,NA
"344","20","none","right","SAAP","blue",-0.160348808854884,"0",-1.34253009146948,-0.345772468976268,-1.55831372581849,"2",-0.28153650033766,NA
"345","20","none","left","CEOL","blue",-0.553605935617741,"0",-1.34253009146948,-0.509612459133718,-1.55831372581849,"2",-0.28153650033766,NA
"346","20","none","left","HEAR","S",1.61281948592407,"1",-1.34253009146948,2.49637183235271,-1.55831372581849,"2",-0.28153650033766,0.570657374480078
"347","20","none","left","HEAR","C",1.69006642153821,"1",-1.34253009146948,0.692594018232231,-1.55831372581849,"2",-0.28153650033766,0.832123918384912
"348","20","none","left","HEAR","R",2.6135184245617,"0",-1.34253009146948,3.04010502741422,-1.55831372581849,"2",-0.28153650033766,-0.59871874226682
"349","20","none","left","RHOV","green",-0.3710222696207,"0",-1.34253009146948,-0.551568437390911,-1.55831372581849,"2",-0.28153650033766,NA
"350","20","none","left","RHOV","blue",-0.87663857545866,"1",-1.34253009146948,-0.534635385224511,-1.55831372581849,"2",-0.28153650033766,-0.347271424029685
"351","20","none","left","SAAP","green",-0.529027365195063,"0",-1.34253009146948,-0.551991406512846,-1.55831372581849,"2",-0.28153650033766,NA
"352","20","none","left","SAAP","blue",-0.65894266600065,"0",-1.34253009146948,-0.551452530850795,-1.55831372581849,"2",-0.28153650033766,NA
"353","21","half removal","right","CEOL","green",0.138105260563357,"0",-0.570664246442457,-0.519944441371909,-0.361047462327674,"2",-0.360826708311998,NA
"354","21","half removal","right","CEOL","blue",-0.564139608656032,"0",-0.570664246442457,-0.52511426111094,-0.361047462327674,"2",-0.360826708311998,NA
"355","21","half removal","right","HEAR","S",0.485716470826954,"0",-0.570664246442457,0.243163695693586,-0.361047462327674,"2",-0.360826708311998,-1.98191515975357
"356","21","half removal","right","HEAR","C",0.98431032797272,"1",-0.570664246442457,1.7931301547418,-0.361047462327674,"2",-0.360826708311998,0.578776190751825
"357","21","half removal","right","HEAR","R",1.2371184808917,"1",-0.570664246442457,1.03955212711471,-0.361047462327674,"2",-0.360826708311998,0.57873673393046
"358","21","half removal","right","RHOV","green",-0.887172248496951,"1",-0.570664246442457,-0.547959833405602,-0.361047462327674,"2",-0.360826708311998,0.239085057733328
"359","21","half removal","right","RHOV","blue",-0.651920217308456,"0",-0.570664246442457,-0.49640642840338,-0.361047462327674,"2",-0.360826708311998,0.50822564036485
"360","21","half removal","right","SAAP","blue",0.738524623745934,"0",-0.570664246442457,-0.312777536501655,-0.361047462327674,"2",-0.360826708311998,NA
"361","21","half removal","left","HEAR","S",1.09666950704782,"1",-0.570664246442457,-0.235049610485397,-0.361047462327674,"2",-0.360826708311998,0.555314747573765
"362","21","half removal","left","HEAR","C",0.475182797788664,"0",-0.570664246442457,-0.283672865781398,-0.361047462327674,"2",-0.360826708311998,0.155577717576757
"363","21","half removal","left","HEAR","R",0.885996046282006,"1",-0.570664246442457,2.06527900145443,-0.361047462327674,"2",-0.360826708311998,0.0958977662839167
"364","21","half removal","left","RHOV","green",-0.602763076463098,"1",-0.570664246442457,-0.457716543094365,-0.361047462327674,"2",-0.360826708311998,NA
"365","21","half removal","left","RHOV","blue",-0.493915121734093,"0",-0.570664246442457,-0.440489309732733,-0.361047462327674,"2",-0.360826708311998,-0.10406239535021
"366","21","half removal","left","SAAP","blue",-0.395600840043379,"0",-0.570664246442457,-0.541237160697858,-0.361047462327674,"2",-0.360826708311998,NA
"367","22","full removal","right","CEOL","green",-0.125236565393914,"0",-0.665207246847466,-0.481042363362874,0.678089294664348,"2",0.658052464158253,-0.118622852236782
"368","22","full removal","right","CEOL","blue",-0.732678377268685,"0",-0.665207246847466,-0.517365834718141,0.678089294664348,"2",0.658052464158253,0.302264090887823
"369","22","full removal","right","HEAR","S",1.99554293964864,"1",-0.665207246847466,1.57735370045093,0.678089294664348,"2",0.658052464158253,-1.07686162558493
"370","22","full removal","right","HEAR","C",2.41337863683418,"0",-0.665207246847466,0.835580314525371,0.678089294664348,"2",0.658052464158253,-1.07509110843851
"371","22","full removal","right","HEAR","R",1.89722865795793,"1",-0.665207246847466,3.16496622190463,0.678089294664348,"2",0.658052464158253,-1.57313923485062
"372","22","full removal","right","RHOV","green",-0.92228449195792,"1",-0.665207246847466,-0.539069731224136,0.678089294664348,"2",0.658052464158253,1.92493386659106
"373","22","full removal","right","RHOV","blue",-0.181416154931465,"1",-0.665207246847466,-0.50684738623828,0.678089294664348,"2",0.658052464158253,-0.239688261745096
"374","22","full removal","right","SAAP","green",-0.0760794245485568,"0",-0.665207246847466,-0.331043695453514,0.678089294664348,"2",0.658052464158253,0.276232069172312
"375","22","full removal","right","SAAP","blue",-0.427201859158251,"0",-0.665207246847466,-0.507407672082546,0.678089294664348,"2",0.658052464158253,1.15136963582862
"376","22","full removal","left","CEOL","green",-0.237595744469016,"0",-0.665207246847466,-0.52285081005674,0.678089294664348,"2",0.658052464158253,-0.759697631521612
"377","22","full removal","left","CEOL","blue",-0.469336551311415,"0",-0.665207246847466,-0.519099862339996,0.678089294664348,"2",0.658052464158253,-1.40317415941776
"378","22","full removal","left","HEAR","S",0.447093003019888,"1",-0.665207246847466,0.661775137407945,0.678089294664348,"2",0.658052464158253,-0.441930398999506
"379","22","full removal","left","HEAR","C",0.784170540245195,"1",-0.665207246847466,0.878034376522453,0.678089294664348,"2",0.658052464158253,1.32424217132049
"380","22","full removal","left","HEAR","R",0.598075649902057,"1",-0.665207246847466,0.754095454034365,0.678089294664348,"2",0.658052464158253,1.37233320694334
"381","22","full removal","left","RHOV","green",-0.511471243464578,"0",-0.665207246847466,-0.509973511482029,0.678089294664348,"2",0.658052464158253,NA
"382","22","full removal","left","RHOV","blue",-0.342932474851925,"0",-0.665207246847466,-0.494178949775515,0.678089294664348,"2",0.658052464158253,NA
"383","22","full removal","left","SAAP","green",0.138105260563357,"0",-0.665207246847466,-0.351219277435642,0.678089294664348,"2",0.658052464158253,-0.077988856722902
"384","22","full removal","left","SAAP","blue",0.369846067405755,"0",-0.665207246847466,-0.27800485854584,0.678089294664348,"2",0.658052464158253,-1.50333009547585
"385","23","half removal","right","CEOL","green",-0.121725341047817,"0",0.154768668580406,-0.544164685361143,0.903988589662592,"2",-0.662129498614485,NA
"386","23","half removal","right","HEAR","S",1.40916847385045,"1",0.154768668580406,2.58045759679896,0.903988589662592,"2",-0.662129498614485,0.110103691575538
"387","23","half removal","right","HEAR","C",2.07630109960887,"0",0.154768668580406,0.411917963366763,0.903988589662592,"2",-0.662129498614485,NA
"388","23","half removal","right","HEAR","R",0.320688926560398,"1",0.154768668580406,-0.0311227452715633,0.903988589662592,"2",-0.662129498614485,-0.09127273891728
"389","23","half removal","right","RHOV","green",-0.609785525155292,"0",0.154768668580406,-0.462654715763783,0.903988589662592,"2",-0.662129498614485,NA
"390","23","half removal","right","RHOV","blue",-0.522004916502869,"0",0.154768668580406,-0.391853261243288,0.903988589662592,"2",-0.662129498614485,NA
"391","23","half removal","right","SAAP","green",-0.483381448695802,"0",0.154768668580406,-0.554149207370577,0.903988589662592,"2",-0.662129498614485,NA
"392","23","half removal","right","SAAP","blue",-0.522004916502869,"0",0.154768668580406,-0.555179028315835,0.903988589662592,"2",-0.662129498614485,NA
"393","23","half removal","left","CEOL","green",-0.939840613688405,"0",0.154768668580406,-0.538115320603251,0.903988589662592,"2",-0.662129498614485,NA
"394","23","half removal","left","CEOL","blue",-0.925795716304017,"1",0.154768668580406,-0.503386562832227,0.903988589662592,"2",-0.662129498614485,-0.675023829731105
"395","23","half removal","left","HEAR","S",1.50748275554116,"1",0.154768668580406,1.34795866866206,0.903988589662592,"2",-0.662129498614485,0.639630687410568
"396","23","half removal","left","HEAR","C",2.56787250806244,"1",0.154768668580406,3.1096412008634,0.903988589662592,"2",-0.662129498614485,-1.76817518822252
"397","23","half removal","left","HEAR","R",0.471671573442566,"1",0.154768668580406,-0.0736546247470161,0.903988589662592,"2",-0.662129498614485,1.0407038383012
"398","23","half removal","left","RHOV","green",-0.925795716304017,"0",0.154768668580406,-0.520798005728658,0.903988589662592,"2",-0.662129498614485,0.341193242684116
"399","23","half removal","left","RHOV","blue",-0.571162057348226,"0",0.154768668580406,-0.376929944024608,0.903988589662592,"2",-0.662129498614485,NA
"400","23","half removal","left","SAAP","green",-0.595740627770905,"0",0.154768668580406,-0.490455746583725,0.903988589662592,"2",-0.662129498614485,NA
"401","23","half removal","left","SAAP","blue",-0.241106968815113,"0",0.154768668580406,-0.523441294270446,0.903988589662592,"2",-0.662129498614485,NA
"402","24","none","right","CEOL","green",-1.13646917706983,"0",0.987992315697263,-0.554131527239492,0.181110845668165,"2",-0.265678458742792,NA
"403","24","none","right","CEOL","blue",-0.392089615697282,"0",0.987992315697263,-0.552983812814503,0.181110845668165,"2",-0.265678458742792,NA
"404","24","none","right","HEAR","S",0.882484821935909,"0",0.987992315697263,-0.327241242941752,0.181110845668165,"2",-0.265678458742792,0.302972431414456
"405","24","none","right","HEAR","C",1.14231542354708,"0",0.987992315697263,-0.489385564306353,0.181110845668165,"2",-0.265678458742792,0.149276348862603
"406","24","none","right","HEAR","R",1.56015112073262,"1",0.987992315697263,0.153354855176259,0.181110845668165,"2",-0.265678458742792,0.114542607790454
"407","24","none","right","RHOV","green",-0.553605935617741,"0",0.987992315697263,-0.519081321028816,0.181110845668165,"2",-0.265678458742792,0.793471274363642
"408","24","none","right","RHOV","blue",-0.444757980888736,"1",0.987992315697263,-0.492406070480626,0.181110845668165,"2",-0.265678458742792,-0.462165016058729
"409","24","none","right","SAAP","green",-0.690543685115522,"0",0.987992315697263,-0.551765191103223,0.181110845668165,"2",-0.265678458742792,NA
"410","24","none","right","SAAP","blue",-0.546583486925547,"0",0.987992315697263,-0.529827572394859,0.181110845668165,"2",-0.265678458742792,-0.225844193172508
"411","24","none","left","CEOL","blue",-0.694054909461619,"0",0.987992315697263,-0.532551246391804,0.181110845668165,"2",-0.265678458742792,NA
"412","24","none","left","HEAR","C",0.935153187127363,"1",0.987992315697263,1.09911161218062,0.181110845668165,"2",-0.265678458742792,0.229258619457278
"413","24","none","left","HEAR","R",0.0187236327960607,"1",0.987992315697263,-0.21441996870481,0.181110845668165,"2",-0.265678458742792,1.74844722885741
"414","24","none","left","RHOV","green",-0.813436537228915,"0",0.987992315697263,-0.511667089578627,0.181110845668165,"2",-0.265678458742792,0.0843709831953357
"415","24","none","left","RHOV","blue",-0.78534674246014,"0",0.987992315697263,-0.546321910369535,0.181110845668165,"2",-0.265678458742792,0.0785119588256477
"416","24","none","left","SAAP","green",-0.711611031192104,"0",0.987992315697263,-0.534475013777253,0.181110845668165,"2",-0.265678458742792,0.0245117856723032
"417","24","none","left","SAAP","blue",-0.859082453728175,"0",0.987992315697263,-0.540536429868629,0.181110845668165,"2",-0.265678458742792,0.267183820736293
"418","25","none","right","CEOL","green",-0.809925312882818,"0",-0.872371892412793,-0.553236221587345,-0.60953668682577,"2",-0.848461487354181,NA
"419","25","none","right","CEOL","blue",0.489227695173051,"0",-0.872371892412793,-0.450585484260134,-0.60953668682577,"2",-0.848461487354181,NA
"420","25","none","right","HEAR","S",1.42672459558094,"1",-0.872371892412793,1.63126776610133,-0.60953668682577,"2",-0.848461487354181,0.373907412713942
"421","25","none","right","HEAR","C",0.148638933601648,"1",-0.872371892412793,-0.552271782887414,-0.60953668682577,"2",-0.848461487354181,0.421029239191447
"422","25","none","right","HEAR","R",0.699901155938868,"1",-0.872371892412793,1.17822268680876,-0.60953668682577,"2",-0.848461487354181,0.148657938404
"423","25","none","right","RHOV","green",-0.771301845075752,"0",-0.872371892412793,-0.507433071707486,-0.60953668682577,"2",-0.848461487354181,0.198541141826532
"424","25","none","right","RHOV","blue",-0.595740627770905,"0",-0.872371892412793,-0.422966183191346,-0.60953668682577,"2",-0.848461487354181,NA
"425","25","none","right","SAAP","green",-0.0409671810875873,"0",-0.872371892412793,-0.488928199858979,-0.60953668682577,"2",-0.848461487354181,-0.21484203390694
"426","25","none","right","SAAP","blue",-0.676498787731134,"0",-0.872371892412793,-0.523630982155722,-0.60953668682577,"2",-0.848461487354181,-0.355089231885626
"427","25","none","left","CEOL","green",-0.609785525155292,"0",-0.872371892412793,-0.53533564914887,-0.60953668682577,"2",-0.848461487354181,NA
"428","25","none","left","CEOL","blue",-0.297286558352664,"0",-0.872371892412793,-0.499150459452667,-0.60953668682577,"2",-0.848461487354181,NA
"429","25","none","left","HEAR","S",1.26520827566048,"1",-0.872371892412793,0.218547972903611,-0.60953668682577,"2",-0.848461487354181,0.145422291520264
"430","25","none","left","HEAR","C",0.735013399399837,"0",-0.872371892412793,-0.023952876266953,-0.60953668682577,"2",-0.848461487354181,-0.157640847578797
"431","25","none","left","HEAR","R",1.56015112073262,"1",-0.872371892412793,1.39842330338525,-0.60953668682577,"2",-0.848461487354181,0.0415155580596808
"432","25","none","left","RHOV","green",-0.644897768616262,"0",-0.872371892412793,-0.555619397425933,-0.60953668682577,"2",-0.848461487354181,NA
"433","25","none","left","RHOV","blue",-0.848548780689885,"0",-0.872371892412793,-0.535017313408353,-0.60953668682577,"2",-0.848461487354181,NA
"434","25","none","left","SAAP","green",-0.595740627770905,"0",-0.872371892412793,-0.543611558724886,-0.60953668682577,"2",-0.848461487354181,-0.17097941335084
"435","25","none","left","SAAP","blue",-0.100657994971235,"0",-0.872371892412793,-0.555316417667814,-0.60953668682577,"2",-0.848461487354181,0.172947482624524
"436","26","half removal","right","CEOL","green",0.166195055332132,"1",1.22962671650927,-0.402686782317408,-1.10651513582195,"2",0.253672403489126,0.271999019361786
"437","26","half removal","right","CEOL","blue",-0.683521236423328,"0",1.22962671650927,-0.492217466852216,-1.10651513582195,"2",0.253672403489126,-0.847691908413656
"438","26","half removal","right","HEAR","S",0.338245048290883,"0",1.22962671650927,0.234398023660035,-1.10651513582195,"2",0.253672403489126,0.5600456256608
"439","26","half removal","right","HEAR","C",0.404958310866725,"0",1.22962671650927,0.360409640623677,-1.10651513582195,"2",0.253672403489126,0.346377728318181
"440","26","half removal","right","HEAR","R",0.8930184949742,"0",1.22962671650927,0.948197146683138,-1.10651513582195,"2",0.253672403489126,-0.14275003728429
"441","26","half removal","right","RHOV","green",-0.672987563385037,"1",1.22962671650927,-0.402461153132789,-1.10651513582195,"2",0.253672403489126,0.512552892058533
"442","26","half removal","right","RHOV","blue",-0.672987563385037,"0",1.22962671650927,-0.53314222344954,-1.10651513582195,"2",0.253672403489126,-0.445685881289612
"443","26","half removal","right","SAAP","green",-0.272707987929986,"0",1.22962671650927,-0.513695635604785,-1.10651513582195,"2",0.253672403489126,-0.157301805596244
"444","26","half removal","left","CEOL","green",-0.760768172037461,"0",1.22962671650927,-0.527430109267242,-1.10651513582195,"2",0.253672403489126,0.0190098994456147
"445","26","half removal","left","CEOL","blue",-0.307820231390955,"0",1.22962671650927,-0.302239296443128,-1.10651513582195,"2",0.253672403489126,-1.21384675817159
"446","26","half removal","left","HEAR","S",0.8930184949742,"1",1.22962671650927,0.963668630970786,-1.10651513582195,"2",0.253672403489126,0.397812446191591
"447","26","half removal","left","HEAR","C",-0.314842680083149,"0",1.22962671650927,0.347734449603789,-1.10651513582195,"2",0.253672403489126,1.17362671606147
"448","26","half removal","left","HEAR","R",-0.399112064389476,"0",1.22962671650927,0.126906873167566,-1.10651513582195,"2",0.253672403489126,0.894640589228495
"449","26","half removal","left","RHOV","green",-0.743212050306976,"0",1.22962671650927,-0.504128962327208,-1.10651513582195,"2",0.253672403489126,0.139468971595359
"450","26","half removal","left","RHOV","blue",-0.360488596582409,"0",1.22962671650927,-0.516021548154957,-1.10651513582195,"2",0.253672403489126,-0.637470337319995
"451","26","half removal","left","SAAP","green",-1.03464367103302,"0",1.22962671650927,-0.549400914536215,-1.10651513582195,"2",0.253672403489126,NA
"452","26","half removal","left","SAAP","blue",-1.1750926448769,"0",1.22962671650927,-0.541143105305668,-1.10651513582195,"2",0.253672403489126,NA
"453","27","full removal","right","CEOL","green",-0.767790620729655,"0",0.909526797245971,-0.542408604265918,-0.180328026329066,"2",1.74036380300798,NA
"454","27","full removal","right","CEOL","blue",-0.788857966806237,"0",0.909526797245971,-0.541866496584599,-0.180328026329066,"2",1.74036380300798,NA
"455","27","full removal","right","HEAR","S",-0.0760794245485568,"1",0.909526797245971,-0.302787131490856,-0.180328026329066,"2",1.74036380300798,-0.053313902370579
"456","27","full removal","right","HEAR","C",0.46816034909647,"0",0.909526797245971,0.670018503714506,-0.180328026329066,"2",1.74036380300798,-0.300236877883363
"457","27","full removal","right","HEAR","R",1.98500926661035,"1",0.909526797245971,3.76712449958368,-0.180328026329066,"2",1.74036380300798,0.251207878401844
"458","27","full removal","right","RHOV","green",-0.3710222696207,"0",0.909526797245971,-0.418430959800593,-0.180328026329066,"2",1.74036380300798,0.194964662616611
"459","27","full removal","right","RHOV","blue",-0.84152633199769,"0",0.909526797245971,-0.542194201549512,-0.180328026329066,"2",1.74036380300798,NA
"460","27","full removal","right","SAAP","green",-0.227062071430725,"0",0.909526797245971,-0.529155758540592,-0.180328026329066,"2",1.74036380300798,-0.0314687861984116
"461","27","full removal","right","SAAP","blue",-0.32537635312144,"1",0.909526797245971,-0.476035649058507,-0.180328026329066,"2",1.74036380300798,0.269871303685036
"462","27","full removal","left","CEOL","green",-0.680010012077231,"0",0.909526797245971,-0.549061189364809,-0.180328026329066,"2",1.74036380300798,0.265074924755472
"463","27","full removal","left","CEOL","blue",-0.781835518114043,"0",0.909526797245971,-0.548722361688321,-0.180328026329066,"2",1.74036380300798,NA
"464","27","full removal","left","HEAR","S",1.68655519719211,"0",0.909526797245971,-0.18855752690603,-0.180328026329066,"2",1.74036380300798,0.371503049804836
"465","27","full removal","left","HEAR","C",0.0503246519109331,"0",0.909526797245971,-0.460297313074031,-0.180328026329066,"2",1.74036380300798,0.624396864158999
"466","27","full removal","left","HEAR","R",0.113526690140678,"1",0.909526797245971,1.8077607952365,-0.180328026329066,"2",1.74036380300798,-0.100141296067746
"467","27","full removal","left","RHOV","green",-0.441246756542639,"0",0.909526797245971,-0.526659093691548,-0.180328026329066,"2",1.74036380300798,NA
"468","27","full removal","left","RHOV","blue",-0.49742634608019,"0",0.909526797245971,-0.523765009792635,-0.180328026329066,"2",1.74036380300798,-0.174919517146086
"469","27","full removal","left","SAAP","green",-0.388578391351185,"0",0.909526797245971,-0.532363939721367,-0.180328026329066,"2",1.74036380300798,-0.0467094977811391
"470","27","full removal","left","SAAP","blue",-0.613296749501389,"0",0.909526797245971,-0.539028565778078,-0.180328026329066,"2",1.74036380300798,0.655257910274764
"471","28","half removal","right","CEOL","green",-0.45178042958093,"0",-0.374763277124937,-0.502473016763151,-1.19687485382126,"2",0.5985848081775,NA
"472","28","half removal","right","CEOL","blue",-0.132259014086108,"0",-0.374763277124937,-0.534807963640209,-1.19687485382126,"2",0.5985848081775,-1.24110446249669
"473","28","half removal","right","HEAR","S",1.30383174346754,"0",-0.374763277124937,2.91307863940564,-1.19687485382126,"2",0.5985848081775,-1.97628071713049
"474","28","half removal","right","HEAR","C",1.01942257143369,"1",-0.374763277124937,2.45213772147707,-1.19687485382126,"2",0.5985848081775,0.217711532422654
"475","28","half removal","right","HEAR","R",0.773636867206904,"0",-0.374763277124937,1.20998863228397,-1.19687485382126,"2",0.5985848081775,0.223387369664688
"476","28","half removal","right","RHOV","green",-0.627341646885777,"0",-0.374763277124937,-0.494570153802778,-1.19687485382126,"2",0.5985848081775,-1.18694382230982
"477","28","half removal","right","SAAP","green",-1.10486815795496,"0",-0.374763277124937,-0.551944575954362,-1.19687485382126,"2",0.5985848081775,2.48187513826245
"478","28","half removal","right","SAAP","blue",-0.873127351112563,"0",-0.374763277124937,-0.548852965356186,-1.19687485382126,"2",0.5985848081775,NA
"479","28","half removal","left","CEOL","green",-0.771301845075752,"0",-0.374763277124937,-0.525885152178668,-1.19687485382126,"2",0.5985848081775,1.43519547819274
"480","28","half removal","left","CEOL","blue",-0.746723274653073,"0",-0.374763277124937,-0.503153483921012,-1.19687485382126,"2",0.5985848081775,0.780653325504326
"481","28","half removal","left","HEAR","S",-0.0901243219329446,"0",-0.374763277124937,-0.3345333009509,-1.19687485382126,"2",0.5985848081775,1.31754192914426
"482","28","half removal","left","HEAR","C",1.17040521831586,"0",-0.374763277124937,1.20579990937307,-1.19687485382126,"2",0.5985848081775,0.364303364172188
"483","28","half removal","left","HEAR","R",1.39161235211997,"0",-0.374763277124937,0.487642556219855,-1.19687485382126,"2",0.5985848081775,-0.483042264097458
"484","28","half removal","left","RHOV","green",-0.996020203225956,"0",-0.374763277124937,-0.540325170978349,-1.19687485382126,"2",0.5985848081775,0.286271339857132
"485","28","half removal","left","RHOV","blue",-1.09784570926277,"0",-0.374763277124937,-0.545001627904512,-1.19687485382126,"2",0.5985848081775,NA
"486","28","half removal","left","SAAP","green",-0.925795716304017,"0",-0.374763277124937,-0.5442280391642,-1.19687485382126,"2",0.5985848081775,NA
"487","28","half removal","left","SAAP","blue",-0.662453890346747,"0",-0.374763277124937,-0.555284253110088,-1.19687485382126,"2",0.5985848081775,0.390022536925304
"488","29","none","right","CEOL","green",-0.953885511072793,"0",1.4063014490337,-0.547474335345881,-1.57525617294336,"2",0.174382195514788,NA
"489","29","none","right","CEOL","blue",-0.753745723345267,"0",1.4063014490337,-0.522631027558663,-1.57525617294336,"2",0.174382195514788,NA
"490","29","none","right","HEAR","S",3.80382347788857,"0",1.4063014490337,0.050096197332355,-1.57525617294336,"2",0.174382195514788,0.292988913571944
"491","29","none","right","HEAR","C",0.313666477868204,"0",1.4063014490337,0.917634596632603,-1.57525617294336,"2",0.174382195514788,0.330156532033112
"492","29","none","right","HEAR","R",2.77152352013607,"0",1.4063014490337,-0.157890779251957,-1.57525617294336,"2",0.174382195514788,0.291608079665377
"493","29","none","right","RHOV","green",-0.550094711271644,"0",1.4063014490337,-0.525846990487275,-1.57525617294336,"2",0.174382195514788,1.03278529223543
"494","29","none","right","RHOV","blue",-0.613296749501389,"0",1.4063014490337,-0.519542036815592,-1.57525617294336,"2",0.174382195514788,-1.22542440811478
"495","29","none","right","SAAP","green",-0.465825326965318,"0",1.4063014490337,-0.555565236460987,-1.57525617294336,"2",0.174382195514788,0.741330128262294
"496","29","none","right","SAAP","blue",-0.781835518114043,"0",1.4063014490337,-0.555626681141909,-1.57525617294336,"2",0.174382195514788,-0.295398402300978
"497","29","none","left","HEAR","S",1.14933787223928,"0",1.4063014490337,0.0777394713723128,-1.57525617294336,"2",0.174382195514788,0.60785174363425
"498","29","none","left","HEAR","C",0.713946053323256,"0",1.4063014490337,-0.0343388793986279,-1.57525617294336,"2",0.174382195514788,0.197105149512346
"499","29","none","left","HEAR","R",0.692878707246674,"0",1.4063014490337,0.50661656889413,-1.57525617294336,"2",0.174382195514788,0.294549318276927
"500","29","none","left","RHOV","blue",-0.806414088536721,"0",1.4063014490337,-0.545140724053183,-1.57525617294336,"2",0.174382195514788,NA
"501","29","none","left","SAAP","green",-0.423690634812154,"0",1.4063014490337,-0.499098409935301,-1.57525617294336,"2",0.174382195514788,0.00150812996585009
"502","30","full removal","right","CEOL","green",-0.423690634812154,"0",2.07682013443057,-0.517566743883798,-1.100867653447,"2",-0.667679813172689,NA
"503","30","full removal","right","CEOL","blue",-0.423690634812154,"0",2.07682013443057,-0.554430491615727,-1.100867653447,"2",-0.667679813172689,NA
"504","30","full removal","right","HEAR","S",3.11211228170747,"0",2.07682013443057,0.0908139231223911,-1.100867653447,"2",-0.667679813172689,-0.392344198661484
"505","30","full removal","right","HEAR","C",2.18514905433788,"0",2.07682013443057,3.02480556125643,-1.100867653447,"2",-0.667679813172689,-0.533438954440204
"506","30","full removal","right","HEAR","R",1.78135825453673,"0",2.07682013443057,0.930319296948347,-1.100867653447,"2",-0.667679813172689,0.400429303663855
"507","30","full removal","right","RHOV","green",-0.697566133807716,"0",2.07682013443057,-0.53476531447423,-1.100867653447,"2",-0.667679813172689,NA
"508","30","full removal","right","RHOV","blue",-0.834503883305497,"0",2.07682013443057,-0.549080986131307,-1.100867653447,"2",-0.667679813172689,NA
"509","30","full removal","right","SAAP","blue",-0.378044718312894,"0",2.07682013443057,-0.547535593264854,-1.100867653447,"2",-0.667679813172689,-0.170493330596896
"510","30","full removal","left","CEOL","green",-0.613296749501389,"0",2.07682013443057,-0.551091265801376,-1.100867653447,"2",-0.667679813172689,NA
"511","30","full removal","left","CEOL","blue",-0.571162057348226,"1",2.07682013443057,-0.465654683311598,-1.100867653447,"2",-0.667679813172689,1.22246527976621
"512","30","full removal","left","HEAR","S",1.37405623038948,"0",2.07682013443057,1.44882074530977,-1.100867653447,"2",-0.667679813172689,0.342454154543846
"513","30","full removal","left","HEAR","C",-0.507960019118481,"0",2.07682013443057,-0.224003429806387,-1.100867653447,"2",-0.667679813172689,-0.0809898030240283
"514","30","full removal","left","HEAR","R",1.53908377465604,"0",2.07682013443057,3.04587690541991,-1.100867653447,"2",-0.667679813172689,NA
"515","30","full removal","left","RHOV","green",-0.925795716304017,"0",2.07682013443057,-0.507111343124912,-1.100867653447,"2",-0.667679813172689,1.16066656432047
"516","30","full removal","left","RHOV","blue",-0.518493692156772,"0",2.07682013443057,-0.515551323072324,-1.100867653447,"2",-0.667679813172689,NA
"517","30","full removal","left","SAAP","blue",-0.672987563385037,"0",2.07682013443057,-0.543656921126944,-1.100867653447,"2",-0.667679813172689,NA
"518","31","none","right","CEOL","blue",-0.574673281694323,"0",-0.187504484159873,-0.538659171396086,-1.53572379631866,"2",-1.4629605991553,NA
"519","31","none","right","HEAR","S",0.85790625151323,"0",-0.187504484159873,0.800522565207124,-1.53572379631866,"2",-1.4629605991553,NA
"520","31","none","right","HEAR","C",0.324200150906495,"1",-0.187504484159873,-0.508589833711294,-1.53572379631866,"2",-1.4629605991553,-0.0738812442809963
"521","31","none","right","HEAR","R",1.65144295373114,"1",-0.187504484159873,2.00270366369946,-1.53572379631866,"2",-1.4629605991553,-1.16349036628038
"522","31","none","right","RHOV","green",0.268020561368944,"1",-0.187504484159873,-0.463218467079753,-1.53572379631866,"2",-1.4629605991553,-2.18618025319835
"523","31","none","left","CEOL","green",-0.525516140848966,"0",-0.187504484159873,-0.515437190770714,-1.53572379631866,"2",-1.4629605991553,NA
"524","31","none","left","CEOL","blue",-0.427201859158251,"0",-0.187504484159873,-0.541823748849814,-1.53572379631866,"2",-1.4629605991553,NA
"525","31","none","left","HEAR","S",-0.809925312882818,"0",-0.187504484159873,-0.476917538977383,-1.53572379631866,"2",-1.4629605991553,2.87636046794985
"526","31","none","left","HEAR","C",0.194284850100908,"0",-0.187504484159873,-0.228934038616908,-1.53572379631866,"2",-1.4629605991553,0.23652065162327
"527","31","none","left","HEAR","R",0.190773625754811,"0",-0.187504484159873,0.449690785256679,-1.53572379631866,"2",-1.4629605991553,1.49702793612235
"528","31","none","left","RHOV","green",-0.915262043265726,"0",-0.187504484159873,-0.527176455414746,-1.53572379631866,"2",-1.4629605991553,NA
"529","31","none","left","RHOV","blue",-0.70458858249991,"0",-0.187504484159873,-0.52555987511908,-1.53572379631866,"2",-1.4629605991553,NA
"530","32","half removal","right","CEOL","blue",-0.602763076463098,"0",1.87708998614055,-0.530120000102911,-0.40622732132733,"2",-2.14485638773462,NA
"531","32","half removal","right","HEAR","S",1.13529297485489,"1",1.87708998614055,1.17233810834306,-0.40622732132733,"2",-2.14485638773462,0.0463251694028297
"532","32","half removal","right","HEAR","C",0.457626676058179,"0",1.87708998614055,-0.525223361215615,-0.40622732132733,"2",-2.14485638773462,NA
"533","32","half removal","right","HEAR","R",0.187262401408714,"0",1.87708998614055,0.369888421653351,-0.40622732132733,"2",-2.14485638773462,0.00354568154758376
"534","32","half removal","right","SAAP","green",0.566474630787184,"0",1.87708998614055,-0.249567405260793,-0.40622732132733,"2",-2.14485638773462,NA
"535","32","half removal","left","CEOL","blue",-0.444757980888736,"0",1.87708998614055,-0.530671362876324,-0.40622732132733,"2",-2.14485638773462,NA
"536","32","half removal","left","HEAR","S",3.22096023643647,"1",1.87708998614055,3.75092130792258,-0.40622732132733,"2",-2.14485638773462,0.505888334268304
"537","32","half removal","left","HEAR","C",-0.213017174046338,"0",1.87708998614055,-0.55464773726401,-0.40622732132733,"2",-2.14485638773462,NA
"538","32","half removal","left","HEAR","R",0.829816456744455,"1",1.87708998614055,0.88973322795605,-0.40622732132733,"2",-2.14485638773462,0.300753500407221
"539","32","half removal","left","RHOV","blue",-0.771301845075752,"1",1.87708998614055,-0.49272818296276,-0.40622732132733,"2",-2.14485638773462,-0.75137893594938
"540","33","full removal","right","CEOL","green",-0.634364095577971,"1",-1.03881485869678,-0.451290505426337,-1.51313386681883,"2",2.19231798846171,0.819869814809876
"541","33","full removal","right","CEOL","blue",-0.718633479884298,"1",-1.03881485869678,-0.552536450507015,-1.51313386681883,"2",2.19231798846171,2.15521323457784
"542","33","full removal","right","HEAR","S",2.55733883502415,"0",-1.03881485869678,3.79868682265716,-1.51313386681883,"2",2.19231798846171,0.185489863005703
"543","33","full removal","right","HEAR","C",-0.300797782698761,"0",-1.03881485869678,-0.5552806112521,-1.51313386681883,"2",2.19231798846171,NA
"544","33","full removal","right","HEAR","R",1.41970214688874,"0",-1.03881485869678,4.11303262241834,-1.51313386681883,"2",2.19231798846171,-0.332450005756782
"545","33","full removal","right","RHOV","green",-0.476359000003609,"0",-1.03881485869678,-0.463609505096396,-1.51313386681883,"2",2.19231798846171,NA
"546","33","full removal","right","RHOV","blue",-0.848548780689885,"0",-1.03881485869678,-0.555058323031219,-1.51313386681883,"2",2.19231798846171,NA
"547","33","full removal","right","SAAP","green",-0.880149799804757,"0",-1.03881485869678,-0.502147630759093,-1.51313386681883,"2",2.19231798846171,NA
"548","33","full removal","right","SAAP","blue",-0.395600840043379,"0",-1.03881485869678,-0.349721571119935,-1.51313386681883,"2",2.19231798846171,NA
"549","33","full removal","left","CEOL","green",-0.258663090545598,"0",-1.03881485869678,-0.536181421382118,-1.51313386681883,"2",2.19231798846171,NA
"550","33","full removal","left","CEOL","blue",-0.367511045274603,"1",-1.03881485869678,-0.433583911210112,-1.51313386681883,"2",2.19231798846171,0.597900977626417
"551","33","full removal","left","HEAR","S",2.10790211872374,"0",-1.03881485869678,2.08630055280742,-1.51313386681883,"2",2.19231798846171,-0.0215932876465272
"552","33","full removal","left","HEAR","C",1.52152765292555,"0",-1.03881485869678,0.17929487062531,-1.51313386681883,"2",2.19231798846171,-0.0657781527291578
"553","33","full removal","left","HEAR","R",-0.0198998350110057,"1",-1.03881485869678,0.415721401566585,-1.51313386681883,"2",2.19231798846171,-0.996598568682497
"554","33","full removal","left","RHOV","green",-0.234084520122919,"1",-1.03881485869678,-0.4093845741834,-1.51313386681883,"2",2.19231798846171,0.0895679366644295
"555","33","full removal","left","RHOV","blue",-0.57818450604042,"0",-1.03881485869678,-0.548891204865057,-1.51313386681883,"2",2.19231798846171,NA
"556","33","full removal","left","SAAP","green",-0.255151866199501,"0",-1.03881485869678,-0.495016494107383,-1.51313386681883,"2",2.19231798846171,NA
"557","33","full removal","left","SAAP","blue",-0.205994725354144,"1",-1.03881485869678,-0.457954228800299,-1.51313386681883,"2",2.19231798846171,0.131264303858369
"558","34","half removal","right","CEOL","green",-0.915262043265726,"0",1.842792761904,-0.544484183176004,-0.767666193324554,"2",-1.43124451596557,NA
"559","34","half removal","right","CEOL","blue",-0.490403897387996,"1",1.842792761904,-0.52514383175272,-0.767666193324554,"2",-1.43124451596557,1.07345331193377
"560","34","half removal","right","HEAR","S",3.02082044870895,"1",1.842792761904,6.0206258836283,-0.767666193324554,"2",-1.43124451596557,0.0958141903080789
"561","34","half removal","right","HEAR","C",0.338245048290883,"0",1.842792761904,-0.062947541511753,-0.767666193324554,"2",-1.43124451596557,NA
"562","34","half removal","right","HEAR","R",0.815771559360067,"0",1.842792761904,0.19519855837566,-0.767666193324554,"2",-1.43124451596557,NA
"563","34","half removal","right","RHOV","green",-0.87663857545866,"0",1.842792761904,-0.43999236731586,-0.767666193324554,"2",-1.43124451596557,NA
"564","34","half removal","right","RHOV","blue",-0.19897227666195,"0",1.842792761904,-0.33536062006611,-0.767666193324554,"2",-1.43124451596557,NA
"565","34","half removal","right","SAAP","green",-0.490403897387996,"0",1.842792761904,-0.527115290876747,-0.767666193324554,"2",-1.43124451596557,NA
"566","34","half removal","right","SAAP","blue",-1.02410999799473,"0",1.842792761904,-0.550194419363158,-0.767666193324554,"2",-1.43124451596557,NA
"567","34","half removal","left","CEOL","green",-0.65894266600065,"0",1.842792761904,-0.522195234116293,-0.767666193324554,"2",-1.43124451596557,NA
"568","34","half removal","left","CEOL","blue",-0.574673281694323,"0",1.842792761904,-0.555627531946339,-0.767666193324554,"2",-1.43124451596557,NA
"569","34","half removal","left","HEAR","S",1.50397153119507,"0",1.842792761904,0.80554957430985,-0.767666193324554,"2",-1.43124451596557,0.318257790194493
"570","34","half removal","left","HEAR","C",1.57419601811701,"0",1.842792761904,0.492430198759113,-0.767666193324554,"2",-1.43124451596557,-0.73104254394367
"571","34","half removal","left","HEAR","R",1.1247593018166,"1",1.842792761904,0.967645664401357,-0.767666193324554,"2",-1.43124451596557,0.204315252664483
"572","34","half removal","left","RHOV","green",-1.0592222414557,"0",1.842792761904,-0.54412745747949,-0.767666193324554,"2",-1.43124451596557,0.663290903447717
"573","34","half removal","left","RHOV","blue",-0.771301845075752,"1",1.842792761904,-0.484543029317852,-0.767666193324554,"2",-1.43124451596557,1.20126886466454
"574","34","half removal","left","SAAP","blue",-0.929306940650114,"0",1.842792761904,-0.553955908754306,-0.767666193324554,"2",-1.43124451596557,NA
"575","35","full removal","right","CEOL","green",-0.767790620729655,"0",1.13210325556417,-0.551387371682239,-0.0221985198302751,"2",-0.432187895488903,0.80036676594137
"576","35","full removal","right","CEOL","blue",-0.560628384309935,"1",1.13210325556417,-0.548794929080817,-0.0221985198302751,"2",-0.432187895488903,0.231334081947472
"577","35","full removal","right","HEAR","S",0.622654220324735,"1",1.13210325556417,-0.353369654505938,-0.0221985198302751,"2",-0.432187895488903,0.420414101367483
"578","35","full removal","right","HEAR","C",1.40916847385045,"0",1.13210325556417,-0.0855956026706473,-0.0221985198302751,"2",-0.432187895488903,0.015200081617513
"579","35","full removal","right","HEAR","R",0.250464439638459,"1",1.13210325556417,0.672288034907682,-0.0221985198302751,"2",-0.432187895488903,0.442166656488995
"580","35","full removal","right","RHOV","green",-0.834503883305497,"0",1.13210325556417,-0.49207152795328,-0.0221985198302751,"2",-0.432187895488903,0.0443185506504702
"581","35","full removal","right","RHOV","blue",-0.697566133807716,"0",1.13210325556417,-0.505344533593336,-0.0221985198302751,"2",-0.432187895488903,-0.528015435539412
"582","35","full removal","right","SAAP","green",-0.0515008541258783,"0",1.13210325556417,-0.552452303873738,-0.0221985198302751,"2",-0.432187895488903,-0.386575428535251
"583","35","full removal","right","SAAP","blue",-0.402623288735573,"0",1.13210325556417,-0.512408472258557,-0.0221985198302751,"2",-0.432187895488903,0.104364589189435
"584","35","full removal","left","CEOL","green",-0.441246756542639,"0",1.13210325556417,-0.532564101839231,-0.0221985198302751,"2",-0.432187895488903,NA
"585","35","full removal","left","CEOL","blue",-0.79588041549843,"0",1.13210325556417,-0.486653439331256,-0.0221985198302751,"2",-0.432187895488903,0.713555365544226
"586","35","full removal","left","HEAR","S",1.20902868612292,"1",1.13210325556417,1.06662567864419,-0.0221985198302751,"2",-0.432187895488903,0.106648567937177
"587","35","full removal","left","HEAR","C",0.622654220324735,"1",1.13210325556417,0.831772829816674,-0.0221985198302751,"2",-0.432187895488903,0.0112629443452195
"588","35","full removal","left","HEAR","R",-0.241106968815113,"1",1.13210325556417,-0.27533210830674,-0.0221985198302751,"2",-0.432187895488903,0.0133225224337201
"589","35","full removal","left","RHOV","green",-1.10486815795496,"0",1.13210325556417,-0.542815231717395,-0.0221985198302751,"2",-0.432187895488903,1.26088612831034
"590","35","full removal","left","RHOV","blue",-0.616807973847486,"0",1.13210325556417,-0.521076696057861,-0.0221985198302751,"2",-0.432187895488903,0.853879365901634
"591","35","full removal","left","SAAP","green",-0.557117159963838,"0",1.13210325556417,-0.538578817067921,-0.0221985198302751,"2",-0.432187895488903,0.599577855116924
"592","35","full removal","left","SAAP","blue",-0.662453890346747,"0",1.13210325556417,-0.554353867338692,-0.0221985198302751,"2",-0.432187895488903,-0.554199761914984
"593","36","none","right","CEOL","green",-0.809925312882818,"0",-1.68614948607256,-0.545963804709738,-1.19687485382126,"2",0.876100536087685,NA
"594","36","none","right","CEOL","blue",-1.14700285010812,"0",-1.68614948607256,-0.553196254530454,-1.19687485382126,"2",0.876100536087685,NA
"595","36","none","right","HEAR","S",2.83823678271191,"1",-1.68614948607256,2.88262673024585,-1.19687485382126,"2",0.876100536087685,0.420870261033179
"596","36","none","right","HEAR","C",2.32559802818175,"0",-1.68614948607256,2.16816137547559,-1.19687485382126,"2",0.876100536087685,0.141815266807274
"597","36","none","right","HEAR","R",0.239930766600168,"1",-1.68614948607256,-0.188132518966162,-1.19687485382126,"2",0.876100536087685,0.229771480570929
"598","36","none","right","RHOV","blue",-0.595740627770905,"0",-1.68614948607256,-0.53168178651814,-1.19687485382126,"2",0.876100536087685,NA
"599","36","none","right","SAAP","blue",-0.472847775657512,"0",-1.68614948607256,-0.541588843821773,-1.19687485382126,"2",0.876100536087685,NA
"600","36","none","left","CEOL","green",-0.462314102619221,"0",-1.68614948607256,-0.522186767574647,-1.19687485382126,"2",0.876100536087685,NA
"601","36","none","left","HEAR","S",-1.01357632495644,"0",-1.68614948607256,-0.386845986653077,-1.19687485382126,"2",0.876100536087685,2.65860821662585
"602","36","none","left","HEAR","C",0.390913413482337,"0",-1.68614948607256,0.710677658882489,-1.19687485382126,"2",0.876100536087685,NA
"603","36","none","left","HEAR","R",1.96745314487986,"1",-1.68614948607256,4.64090285939768,-1.19687485382126,"2",0.876100536087685,0.171968290066044
"604","36","none","left","RHOV","green",-0.602763076463098,"0",-1.68614948607256,-0.479190016859073,-1.19687485382126,"2",0.876100536087685,NA
"605","36","none","left","RHOV","blue",-0.866104902420369,"0",-1.68614948607256,-0.528535117460101,-1.19687485382126,"2",0.876100536087685,NA
"606","36","none","left","SAAP","green",-0.862593678074272,"0",-1.68614948607256,-0.538829124768847,-1.19687485382126,"2",0.876100536087685,NA
