"","plot_number","treatment","location","species","individual","march_stem_height_cm","may_alive","normalized_par","volume_cm3","soil_moisture","site","exotic_percentcover","year","mafacover","rgr"
"1","1","none","right","CEOL","green",1.65,1,0.22483660130719,0.907134878724053,8.43333333333333,"1",22,2018,42,-0.00568684530401918
"2","1","none","right","CEOL","blue",1.82,1,0.22483660130719,2.009771068281,8.43333333333333,"1",22,2018,42,-0.00173567098754328
"3","1","none","right","HEAR","S",4.61,0,0.22483660130719,27.6024168523424,8.43333333333333,"1",22,2018,42,NA
"4","1","none","right","HEAR","C",9.36,0,0.22483660130719,282.675178828869,8.43333333333333,"1",22,2018,42,NA
"5","1","none","right","HEAR","R",3.96,0,0.22483660130719,70.05071776855,8.43333333333333,"1",22,2018,42,NA
"6","1","none","right","RHOV","green",2.88,1,0.22483660130719,12.0679380903112,8.43333333333333,"1",22,2018,42,-0.000769823041156244
"7","1","none","right","RHOV","blue",2.9,0,0.22483660130719,2.8473720296056,8.43333333333333,"1",22,2018,42,NA
"8","1","none","right","SAAP","green",1.4,0,0.22483660130719,2.4007003861182,8.43333333333333,"1",22,2018,42,NA
"9","1","none","right","SAAP","blue",0.58,1,0.22483660130719,0.332719794756388,8.43333333333333,"1",22,2018,42,-0.00150251828323829
"10","1","none","left","CEOL","green",2.97,0,0.22483660130719,2.00139872385918,8.43333333333333,"1",22,2018,42,NA
"11","1","none","left","CEOL","blue",2.59,0,0.22483660130719,2.49187202291925,8.43333333333333,"1",22,2018,42,NA
"12","1","none","left","HEAR","S",6.73,0,0.22483660130719,193.251913737762,8.43333333333333,"1",22,2018,42,NA
"13","1","none","left","HEAR","C",7.15,0,0.22483660130719,120.578095955961,8.43333333333333,"1",22,2018,42,NA
"14","1","none","left","HEAR","R",7.92,0,0.22483660130719,205.610051213461,8.43333333333333,"1",22,2018,42,NA
"15","1","none","left","RHOV","green",4.02,0,0.22483660130719,4.27708990230329,8.43333333333333,"1",22,2018,42,NA
"16","1","none","left","RHOV","blue",1.35,1,0.22483660130719,3.62194217032367,8.43333333333333,"1",22,2018,42,-0.00267237750125299
"17","1","none","left","SAAP","green",2,0,0.22483660130719,0.230383461263251,8.43333333333333,"1",22,2018,42,NA
"18","1","none","left","SAAP","blue",0.2,0,0.22483660130719,0.0345575191894877,8.43333333333333,"1",22,2018,42,NA
"19","2","full removal","right","CEOL","green",1.3,1,0.338588884509263,2.11010306566114,10.4,"1",48,2018,10,-0.00420689889357205
"20","2","full removal","right","CEOL","blue",2,0,0.338588884509263,5.5710909723659,10.4,"1",48,2018,10,NA
"21","2","full removal","right","HEAR","S",8.7,1,0.338588884509263,96.0259210496256,10.4,"1",48,2018,10,-0.0179126845474322
"22","2","full removal","right","HEAR","C",4.6,1,0.338588884509263,120.475889474964,10.4,"1",48,2018,10,-0.00484308053516237
"23","2","full removal","right","HEAR","R",3,1,0.338588884509263,58.0880481648753,10.4,"1",48,2018,10,-0.0087938790347062
"24","2","full removal","right","RHOV","green",1.4,0,0.338588884509263,3.24002922340227,10.4,"1",48,2018,10,NA
"25","2","full removal","right","RHOV","blue",1.9,0,0.338588884509263,7.16283125018473,10.4,"1",48,2018,10,NA
"26","2","full removal","right","SAAP","green",2.2,0,0.338588884509263,3.06410003480124,10.4,"1",48,2018,10,NA
"27","2","full removal","right","SAAP","blue",0.3,0,0.338588884509263,0.0235619449019234,10.4,"1",48,2018,10,NA
"28","2","full removal","left","CEOL","green",2,0,0.338588884509263,6.10516172347616,10.4,"1",48,2018,10,NA
"29","2","full removal","left","CEOL","blue",2.74,1,0.338588884509263,1.99489562706625,10.4,"1",48,2018,10,-0.00516371997214991
"30","2","full removal","left","HEAR","S",9.67,1,0.338588884509263,129.494787069018,10.4,"1",48,2018,10,-0.00162819171801852
"31","2","full removal","left","HEAR","C",2.83,1,0.338588884509263,39.9846220693604,10.4,"1",48,2018,10,-0.00570236649306937
"32","2","full removal","left","HEAR","R",5.16,1,0.338588884509263,36.5479191974667,10.4,"1",48,2018,10,-0.00239246951446657
"33","2","full removal","left","RHOV","green",1.57,0,0.338588884509263,3.43995075509877,10.4,"1",48,2018,10,NA
"34","2","full removal","left","RHOV","blue",1.01,1,0.338588884509263,3.1994503182934,10.4,"1",48,2018,10,-0.000502550636178126
"35","2","full removal","left","SAAP","green",2.07,1,0.338588884509263,3.02242261946117,10.4,"1",48,2018,10,0.00491503867375446
"36","2","full removal","left","SAAP","blue",1.21,0,0.338588884509263,1.38165569388797,10.4,"1",48,2018,10,NA
"37","3","full removal","right","CEOL","green",1.28,1,0.166666666666667,1.63155053992512,8.9,"1",63,2018,9,0.0246874894036679
"38","3","full removal","right","CEOL","blue",1.16,1,0.166666666666667,2.19723827950111,8.9,"1",63,2018,9,0.0179715381029525
"39","3","full removal","right","HEAR","S",4.59,0,0.166666666666667,146.062155207945,8.9,"1",63,2018,9,0.00261579807413866
"40","3","full removal","right","HEAR","C",6.99,0,0.166666666666667,185.442622306482,8.9,"1",63,2018,9,-0.00178517626276019
"41","3","full removal","right","HEAR","R",4.45,1,0.166666666666667,90.6124018927883,8.9,"1",63,2018,9,-0.00207107783828298
"42","3","full removal","right","RHOV","green",0.55,0,0.166666666666667,0.34361693247414,8.9,"1",63,2018,9,NA
"43","3","full removal","right","RHOV","blue",2.2,0,0.166666666666667,2.04810897063031,8.9,"1",63,2018,9,NA
"44","3","full removal","right","SAAP","green",1.58,0,0.166666666666667,0.679036402517512,8.9,"1",63,2018,9,NA
"45","3","full removal","right","SAAP","blue",1.8,0,0.166666666666667,3.39668997706128,8.9,"1",63,2018,9,NA
"46","3","full removal","left","CEOL","green",3.66,0,0.166666666666667,11.8642560722084,8.9,"1",63,2018,9,NA
"47","3","full removal","left","CEOL","blue",2.15,0,0.166666666666667,8.13547880771164,8.9,"1",63,2018,9,NA
"48","3","full removal","left","HEAR","S",6.57,1,0.166666666666667,117.595838598576,8.9,"1",63,2018,9,-0.00383360717669953
"49","3","full removal","left","HEAR","C",5.21,1,0.166666666666667,215.565579785504,8.9,"1",63,2018,9,-0.0117778992809691
"50","3","full removal","left","HEAR","R",5.62,0,0.166666666666667,17.4335825167005,8.9,"1",63,2018,9,NA
"51","3","full removal","left","RHOV","green",2.32,0,0.166666666666667,7.6869326806076,8.9,"1",63,2018,9,-0.00190030964001568
"52","3","full removal","left","RHOV","blue",2.22,0,0.166666666666667,8.26877239521325,8.9,"1",63,2018,9,NA
"53","3","full removal","left","SAAP","green",3.12,0,0.166666666666667,10.2142601946165,8.9,"1",63,2018,9,NA
"54","3","full removal","left","SAAP","blue",3.62,1,0.166666666666667,48.1467033600639,8.9,"1",63,2018,9,-0.00324251208867278
"55","4","half removal","right","CEOL","green",1.9,1,0.310884353741497,5.96902604182061,7.46666666666667,"1",39.5,2018,23,0.000771345876066772
"56","4","half removal","right","CEOL","blue",3.66,0,0.310884353741497,21.3292150030172,7.46666666666667,"1",39.5,2018,23,NA
"57","4","half removal","right","HEAR","S",2.87,0,0.310884353741497,33.1562013143785,7.46666666666667,"1",39.5,2018,23,NA
"58","4","half removal","right","HEAR","C",7.09,1,0.310884353741497,93.3498810113713,7.46666666666667,"1",39.5,2018,23,-0.00220874074331081
"59","4","half removal","right","HEAR","R",8.1,0,0.310884353741497,216.298654199657,7.46666666666667,"1",39.5,2018,23,NA
"60","4","half removal","right","RHOV","green",1.3,0,0.310884353741497,1.71530958886003,7.46666666666667,"1",39.5,2018,23,NA
"61","4","half removal","right","RHOV","blue",2.49,0,0.310884353741497,13.7473769742526,7.46666666666667,"1",39.5,2018,23,NA
"62","4","half removal","right","SAAP","green",1.24,0,0.310884353741497,0.828978336688046,7.46666666666667,"1",39.5,2018,23,NA
"63","4","half removal","right","SAAP","blue",1.88,1,0.310884353741497,3.32538420140521,7.46666666666667,"1",39.5,2018,23,0.00144280027180765
"64","4","half removal","left","RHOV","green",2.91,1,0.310884353741497,18.4390267307346,7.46666666666667,"1",39.5,2018,23,-0.00466159534698552
"65","4","half removal","left","SAAP","green",1.6,1,0.310884353741497,3.78834186120881,7.46666666666667,"1",39.5,2018,23,0.0121157426690539
"66","4","half removal","left","SAAP","blue",2.4,0,0.310884353741497,2.89026524130261,7.46666666666667,"1",39.5,2018,23,NA
"67","4","half removal","left","CEOL","green",2.65,1,0.310884353741497,10.810853875521,7.46666666666667,"1",39.5,2018,23,-0.0111179156708362
"68","4","half removal","left","CEOL","blue",2.7,0,0.310884353741497,5.54176944093239,7.46666666666667,"1",39.5,2018,23,NA
"69","4","half removal","left","HEAR","S",11,1,0.310884353741497,341.428289592139,7.46666666666667,"1",39.5,2018,23,-0.00858969067169752
"70","4","half removal","left","HEAR","C",7.5,1,0.310884353741497,234.676971223158,7.46666666666667,"1",39.5,2018,23,-0.00563010766057249
"71","4","half removal","left","HEAR","R",6.7,1,0.310884353741497,153.234323271496,7.46666666666667,"1",39.5,2018,23,-0.00365698587038712
"72","4","half removal","left","RHOV","blue",2.6,1,0.310884353741497,3.18666403619329,7.46666666666667,"1",39.5,2018,23,-0.00737813030997954
"73","5","half removal","right","CEOL","green",1.7,0,0.482198142414861,2.05216686114119,8.5,"1",38,2018,12,NA
"74","5","half removal","right","CEOL","blue",1.99,1,0.482198142414861,1.78540113895549,8.5,"1",38,2018,12,-0.00671592827504564
"75","5","half removal","right","HEAR","S",13.01,0,0.482198142414861,473.622725454043,8.5,"1",38,2018,12,-0.00392530054162325
"76","5","half removal","right","HEAR","C",10.24,0,0.482198142414861,481.663959100141,8.5,"1",38,2018,12,-0.00111040046047655
"77","5","half removal","right","HEAR","R",2.5,1,0.482198142414861,18.3971665794218,8.5,"1",38,2018,12,0.0155360680171741
"78","5","half removal","right","RHOV","green",1.47,0,0.482198142414861,1.81031135070458,8.5,"1",38,2018,12,NA
"79","5","half removal","right","RHOV","blue",1.56,0,0.482198142414861,4.71710136936507,8.5,"1",38,2018,12,NA
"80","5","half removal","right","SAAP","green",1.25,1,0.482198142414861,1.89673656460484,8.5,"1",38,2018,12,0.0202386516063347
"81","5","half removal","right","SAAP","blue",2.79,1,0.482198142414861,20.8096741179298,8.5,"1",38,2018,12,-0.000423495258756138
"82","5","half removal","left","CEOL","green",1.13,1,0.482198142414861,4.58890711033902,8.5,"1",38,2018,12,0.00857265327245503
"83","5","half removal","left","CEOL","blue",1.6,1,0.482198142414861,2.4001767873426,8.5,"1",38,2018,12,0.00714217301731934
"84","5","half removal","left","HEAR","S",2.48,0,0.482198142414861,29.1911008841081,8.5,"1",38,2018,12,0.0077153693855492
"85","5","half removal","left","HEAR","C",7.61,0,0.482198142414861,134.300494127024,8.5,"1",38,2018,12,-0.00144023758498856
"86","5","half removal","left","HEAR","R",6.47,1,0.482198142414861,460.537356926527,8.5,"1",38,2018,12,-0.00338750017991065
"87","5","half removal","left","RHOV","green",1.14,0,0.482198142414861,3.7366103021797,8.5,"1",38,2018,12,NA
"88","5","half removal","left","RHOV","blue",1.61,0,0.482198142414861,8.40127849015636,8.5,"1",38,2018,12,NA
"89","5","half removal","left","SAAP","green",1.44,0,0.482198142414861,0.722390381137051,8.5,"1",38,2018,12,NA
"90","5","half removal","left","SAAP","blue",1.1,0,0.482198142414861,1.91379541271383,8.5,"1",38,2018,12,NA
"91","6","none","right","CEOL","green",3.56,0,0.217563552327501,0.785121703243932,8.86666666666667,"1",43,2018,35,NA
"92","6","none","right","CEOL","blue",1.43,0,0.217563552327501,0.268874778053809,8.86666666666667,"1",43,2018,35,NA
"93","6","none","right","HEAR","S",7.33,1,0.217563552327501,185.503343009291,8.86666666666667,"1",43,2018,35,-0.00454644565842234
"94","6","none","right","HEAR","C",6.52,1,0.217563552327501,188.248655165557,8.86666666666667,"1",43,2018,35,-0.0186458732702871
"95","6","none","right","HEAR","R",2.96,0,0.217563552327501,96.5666519771615,8.86666666666667,"1",43,2018,35,NA
"96","6","none","right","RHOV","green",1.72,1,0.217563552327501,5.45649404994335,8.86666666666667,"1",43,2018,35,-0.0129674437391072
"97","6","none","right","RHOV","blue",1.61,1,0.217563552327501,3.4212069661299,8.86666666666667,"1",43,2018,35,-0.00408537430054975
"98","6","none","right","SAAP","green",0.94,0,0.217563552327501,0.361459084351427,8.86666666666667,"1",43,2018,35,NA
"99","6","none","left","CEOL","green",1.12,0,0.217563552327501,1.42819315306315,8.86666666666667,"1",43,2018,35,NA
"100","6","none","left","CEOL","blue",2.32,0,0.217563552327501,2.69127676262423,8.86666666666667,"1",43,2018,35,NA
"101","6","none","left","HEAR","S",11.92,1,0.217563552327501,281.668503634114,8.86666666666667,"1",43,2018,35,-0.00016863550275974
"102","6","none","left","HEAR","C",7.22,1,0.217563552327501,184.376847470727,8.86666666666667,"1",43,2018,35,-0.00842167913056701
"103","6","none","left","HEAR","R",4.45,1,0.217563552327501,122.004454942513,8.86666666666667,"1",43,2018,35,-0.00390738510946905
"104","6","none","left","RHOV","green",2.32,0,0.217563552327501,4.57134403660912,8.86666666666667,"1",43,2018,35,-0.00119098273303575
"105","6","none","left","RHOV","blue",2.12,0,0.217563552327501,11.359596911521,8.86666666666667,"1",43,2018,35,-0.00397654103758762
"106","6","none","left","SAAP","green",0.53,0,0.217563552327501,0.346462377660251,8.86666666666667,"1",43,2018,35,NA
"107","6","none","left","SAAP","blue",3.56,0,0.217563552327501,0.0186401164112994,8.86666666666667,"1",43,2018,35,NA
"108","7","none","right","CEOL","green",1.79,0,0.244189852700491,1.34550434002556,10.7,"1",25,2018,28,NA
"109","7","none","right","CEOL","blue",2.59,0,0.244189852700491,3.91756185023627,10.7,"1",25,2018,28,NA
"110","7","none","right","HEAR","S",5.88,1,0.244189852700491,137.380464440714,10.7,"1",25,2018,28,-0.0157896886490698
"111","7","none","right","HEAR","C",7.13,0,0.244189852700491,247.564741950343,10.7,"1",25,2018,28,-0.0108431261023525
"112","7","none","right","HEAR","R",3.62,0,0.244189852700491,9.21898060361312,10.7,"1",25,2018,28,NA
"113","7","none","right","RHOV","green",2.28,1,0.244189852700491,24.9868205331444,10.7,"1",25,2018,28,-0.0126086132415422
"114","7","none","right","RHOV","blue",1.48,0,0.244189852700491,1.7965888739937,10.7,"1",25,2018,28,NA
"115","7","none","right","SAAP","green",1.17,0,0.244189852700491,0.454863346331632,10.7,"1",25,2018,28,NA
"116","7","none","right","SAAP","blue",1.38,1,0.244189852700491,3.67381614821975,10.7,"1",25,2018,28,0.00182831528760708
"117","7","none","left","CEOL","green",2.3,1,0.244189852700491,2.10868934896703,10.7,"1",25,2018,28,-0.0244631232561846
"118","7","none","left","CEOL","blue",3.32,0,0.244189852700491,6.00912114166082,10.7,"1",25,2018,28,NA
"119","7","none","left","HEAR","S",9.59,0,0.244189852700491,211.212963901413,10.7,"1",25,2018,28,NA
"120","7","none","left","HEAR","C",12.23,1,0.244189852700491,224.78218586867,10.7,"1",25,2018,28,-0.0140943978849258
"121","7","none","left","HEAR","R",2.18,0,0.244189852700491,2.44840023457521,10.7,"1",25,2018,28,NA
"122","7","none","left","RHOV","green",1.45,1,0.244189852700491,3.9965247343867,10.7,"1",25,2018,28,-0.0029058897857463
"123","7","none","left","RHOV","blue",1.11,0,0.244189852700491,1.32401951146644,10.7,"1",25,2018,28,NA
"124","7","none","left","SAAP","green",0.68,0,0.244189852700491,0.146228571653991,10.7,"1",25,2018,28,NA
"125","8","half removal","right","CEOL","green",2.15,0,0.232748538011696,3.0308227146181,9.23333333333333,"1",50,2018,17,NA
"126","8","half removal","right","CEOL","blue",0.97,0,0.232748538011696,2.17280768423047,9.23333333333333,"1",50,2018,17,NA
"127","8","half removal","right","HEAR","S",6.28,1,0.232748538011696,129.804337827394,9.23333333333333,"1",50,2018,17,0.000470988955240052
"128","8","half removal","right","HEAR","C",5.22,1,0.232748538011696,180.991277684462,9.23333333333333,"1",50,2018,17,-0.000387614369404454
"129","8","half removal","right","HEAR","R",6.39,1,0.232748538011696,98.8582396144328,9.23333333333333,"1",50,2018,17,-0.00102182533070545
"130","8","half removal","right","RHOV","green",2.04,0,0.232748538011696,5.68101739371011,9.23333333333333,"1",50,2018,17,NA
"131","8","half removal","right","RHOV","blue",2.22,1,0.232748538011696,4.99885510650228,9.23333333333333,"1",50,2018,17,-0.0134592921956282
"132","8","half removal","right","SAAP","green",1.18,0,0.232748538011696,0.434655051587416,9.23333333333333,"1",50,2018,17,NA
"133","8","half removal","right","SAAP","blue",1.12,0,0.232748538011696,0.807163117301518,9.23333333333333,"1",50,2018,17,NA
"134","8","half removal","left","CEOL","green",2.25,0,0.232748538011696,3.03949089234812,9.23333333333333,"1",50,2018,17,NA
"135","8","half removal","left","CEOL","blue",1.6,0,0.232748538011696,1.58964588271644,9.23333333333333,"1",50,2018,17,NA
"136","8","half removal","left","HEAR","S",6.82,1,0.232748538011696,33.6829259746671,9.23333333333333,"1",50,2018,17,-0.0180435324553611
"137","8","half removal","left","HEAR","C",5.55,1,0.232748538011696,219.691574265534,9.23333333333333,"1",50,2018,17,0.000763044051757944
"138","8","half removal","left","HEAR","R",7.5,0,0.232748538011696,243.762457177339,9.23333333333333,"1",50,2018,17,NA
"139","8","half removal","left","RHOV","green",1.92,1,0.232748538011696,4.14841026721225,9.23333333333333,"1",50,2018,17,-0.00520479805423302
"140","8","half removal","left","RHOV","blue",1.25,1,0.232748538011696,1.91179002940329,9.23333333333333,"1",50,2018,17,-0.000583426819980254
"141","8","half removal","left","SAAP","green",2.15,1,0.232748538011696,0.854434661960084,9.23333333333333,"1",50,2018,17,-0.00241485590690769
"142","8","half removal","left","SAAP","blue",0.62,0,0.232748538011696,0.373163611381152,9.23333333333333,"1",50,2018,17,NA
"143","9","full removal","right","CEOL","green",2.12,0,0.450925602514845,1.92934210755889,8.4,"1",43,2018,15,NA
"144","9","full removal","right","CEOL","blue",0.75,0,0.450925602514845,0.335757714852409,8.4,"1",43,2018,15,NA
"145","9","full removal","right","HEAR","S",9.81,1,0.450925602514845,80.4633349817215,8.4,"1",43,2018,15,-0.00414494376231379
"146","9","full removal","right","HEAR","C",5.56,1,0.450925602514845,142.48622270923,8.4,"1",43,2018,15,-0.00809929261979962
"147","9","full removal","right","HEAR","R",3.9,1,0.450925602514845,43.2633750874096,8.4,"1",43,2018,15,-0.0125201830252451
"148","9","full removal","right","RHOV","green",2.33,0,0.450925602514845,12.9875958809513,8.4,"1",43,2018,15,NA
"149","9","full removal","right","RHOV","blue",2.64,0,0.450925602514845,8.9179134020392,8.4,"1",43,2018,15,NA
"150","9","full removal","right","SAAP","green",2.13,0,0.450925602514845,0.752804139616454,8.4,"1",43,2018,15,NA
"151","9","full removal","right","SAAP","blue",1.56,0,0.450925602514845,1.59442110354989,8.4,"1",43,2018,15,NA
"152","9","full removal","left","CEOL","green",1.92,1,0.450925602514845,3.45022271587845,8.4,"1",43,2018,15,-0.0142815391963494
"153","9","full removal","left","CEOL","blue",3.14,0,0.450925602514845,4.89284206240689,8.4,"1",43,2018,15,NA
"154","9","full removal","left","HEAR","S",9.81,1,0.450925602514845,152.245978222676,8.4,"1",43,2018,15,-0.000800432171277935
"155","9","full removal","left","HEAR","C",5.89,1,0.450925602514845,66.3491069029264,8.4,"1",43,2018,15,5.64972292418623e-05
"156","9","full removal","left","HEAR","R",7.1,1,0.450925602514845,169.655658455271,8.4,"1",43,2018,15,-0.0203026239886315
"157","9","full removal","left","RHOV","green",2.6,0,0.450925602514845,12.6783160325821,8.4,"1",43,2018,15,NA
"158","9","full removal","left","RHOV","blue",1.16,0,0.450925602514845,0.447209903028712,8.4,"1",43,2018,15,NA
"159","9","full removal","left","SAAP","green",2.2,0,0.450925602514845,0.532646562440638,8.4,"1",43,2018,15,NA
"160","9","full removal","left","SAAP","blue",0.9,0,0.450925602514845,0.267192455187812,8.4,"1",43,2018,15,NA
"161","10","half removal","right","CEOL","green",3.89,1,0.422264875239923,11.9735279950831,9.4,"1",31.1,2018,27,-0.00394552660052082
"162","10","half removal","right","CEOL","blue",0.88,1,0.422264875239923,1.45970961056396,9.4,"1",31.1,2018,27,0.00460422294380263
"163","10","half removal","right","HEAR","S",7.01,0,0.422264875239923,222.031128263039,9.4,"1",31.1,2018,27,NA
"164","10","half removal","right","HEAR","C",9.63,1,0.422264875239923,164.919594956247,9.4,"1",31.1,2018,27,-0.000385171203545768
"165","10","half removal","right","HEAR","R",13.42,1,0.422264875239923,286.257037418526,9.4,"1",31.1,2018,27,-0.00228595482899709
"166","10","half removal","right","RHOV","green",2.71,1,0.422264875239923,5.03728202064343,9.4,"1",31.1,2018,27,-0.0194622825978649
"167","10","half removal","right","RHOV","blue",2.79,1,0.422264875239923,8.5682682768616,9.4,"1",31.1,2018,27,-0.0105666584676208
"168","10","half removal","right","SAAP","green",2.18,1,0.422264875239923,1.83567238099946,9.4,"1",31.1,2018,27,0.00287221664850748
"169","10","half removal","right","SAAP","blue",2.22,0,0.422264875239923,1.00349066700231,9.4,"1",31.1,2018,27,NA
"170","10","half removal","left","CEOL","green",3.53,1,0.422264875239923,24.7413930318607,9.4,"1",31.1,2018,27,0.00135944887078916
"171","10","half removal","left","CEOL","blue",2.95,1,0.422264875239923,14.5119798886784,9.4,"1",31.1,2018,27,-0.00129172601924767
"172","10","half removal","left","HEAR","S",5.72,1,0.422264875239923,189.885343256668,9.4,"1",31.1,2018,27,-0.0234582761461749
"173","10","half removal","left","HEAR","C",4.05,1,0.422264875239923,83.401368139322,9.4,"1",31.1,2018,27,-0.0033628115288246
"174","10","half removal","left","HEAR","R",7.32,1,0.422264875239923,125.503170758993,9.4,"1",31.1,2018,27,-0.00165009206292415
"175","10","half removal","left","RHOV","green",2.31,0,0.422264875239923,10.2609049915407,9.4,"1",31.1,2018,27,NA
"176","10","half removal","left","RHOV","blue",2.45,1,0.422264875239923,24.9411695266963,9.4,"1",31.1,2018,27,-0.0035498529975032
"177","10","half removal","left","SAAP","green",2.44,0,0.422264875239923,2.94929576726356,9.4,"1",31.1,2018,27,NA
"178","10","half removal","left","SAAP","blue",1.21,0,0.422264875239923,0.717500492171739,9.4,"1",31.1,2018,27,NA
"179","11","none","right","CEOL","green",1.98,0,0.449269792467333,2.27716772699129,8.5,"1",22.45,2018,23,NA
"180","11","none","right","CEOL","blue",1.12,0,0.449269792467333,1.08636273961135,8.5,"1",22.45,2018,23,NA
"181","11","none","right","HEAR","S",9.2,0,0.449269792467333,227.284678045555,8.5,"1",22.45,2018,23,NA
"182","11","none","right","HEAR","C",5.54,0,0.449269792467333,21.7700328121934,8.5,"1",22.45,2018,23,NA
"183","11","none","right","HEAR","R",0.25,0,0.449269792467333,0.00130899693899575,8.5,"1",22.45,2018,23,NA
"184","11","none","right","RHOV","green",3.34,1,0.449269792467333,16.445377792353,8.5,"1",22.45,2018,23,-0.0102660730891363
"185","11","none","right","RHOV","blue",1.95,0,0.449269792467333,4.38016555726757,8.5,"1",22.45,2018,23,NA
"186","11","none","right","SAAP","green",7.5,1,0.449269792467333,133.130486483011,8.5,"1",22.45,2018,23,-0.0335817170090377
"187","11","none","right","SAAP","blue",6.25,0,0.449269792467333,70.8330968614074,8.5,"1",22.45,2018,23,NA
"188","11","none","left","CEOL","green",1.29,0,0.449269792467333,1.00181619811794,8.5,"1",22.45,2018,23,NA
"189","11","none","left","CEOL","blue",1.54,0,0.449269792467333,2.16260955087814,8.5,"1",22.45,2018,23,NA
"190","11","none","left","HEAR","S",4.05,0,0.449269792467333,28.9651465448876,8.5,"1",22.45,2018,23,NA
"191","11","none","left","HEAR","C",5.26,1,0.449269792467333,56.3715238268558,8.5,"1",22.45,2018,23,-0.0471885668042094
"192","11","none","left","HEAR","R",7.54,0,0.449269792467333,37.8496402078767,8.5,"1",22.45,2018,23,NA
"193","11","none","left","RHOV","green",1.31,0,0.449269792467333,2.75463221447163,8.5,"1",22.45,2018,23,NA
"194","11","none","left","RHOV","blue",2.321,0,0.449269792467333,4.58437342562074,8.5,"1",22.45,2018,23,NA
"195","11","none","left","SAAP","green",2.54,1,0.449269792467333,23.9852179633269,8.5,"1",22.45,2018,23,-0.0229741863943144
"196","11","none","left","SAAP","blue",3.09,0,0.449269792467333,19.199535626334,8.5,"1",22.45,2018,23,NA
"197","12","full removal","right","CEOL","green",1.3,1,0.471184631803629,0.558156294787786,11.2666666666667,"1",17,2018,28,-0.00105855676203876
"198","12","full removal","right","CEOL","blue",1.9,0,0.471184631803629,11.5401170141865,11.2666666666667,"1",17,2018,28,NA
"199","12","full removal","right","HEAR","S",6.9,1,0.471184631803629,86.7079572390783,11.2666666666667,"1",17,2018,28,-0.00359872172234538
"200","12","full removal","right","HEAR","C",4.5,1,0.471184631803629,51.6006593352124,11.2666666666667,"1",17,2018,28,-0.0044283860955501
"201","12","full removal","right","HEAR","R",5.6,1,0.471184631803629,42.9267220186509,11.2666666666667,"1",17,2018,28,-0.00467607674471528
"202","12","full removal","right","RHOV","green",2.8,1,0.471184631803629,25.8615907243512,11.2666666666667,"1",17,2018,28,-0.00802496681119117
"203","12","full removal","right","RHOV","blue",1.5,0,0.471184631803629,2.96880505764235,11.2666666666667,"1",17,2018,28,NA
"204","12","full removal","right","SAAP","green",1.3,1,0.471184631803629,2.66145257636615,11.2666666666667,"1",17,2018,28,0.00649934869286998
"205","12","full removal","right","SAAP","blue",1.1,1,0.471184631803629,0.898495498926681,11.2666666666667,"1",17,2018,28,0.00239511201110292
"206","12","full removal","left","RHOV","green",1.12,1,0.471184631803629,3.30922803758534,11.2666666666667,"1",17,2018,28,-0.00856343753173548
"207","12","full removal","left","SAAP","green",2.36,1,0.471184631803629,3.46982625403685,11.2666666666667,"1",17,2018,28,0.0289307756777594
"208","12","full removal","left","SAAP","blue",1.2,0,0.471184631803629,0.171530958886003,11.2666666666667,"1",17,2018,28,NA
"209","12","full removal","left","CEOL","green",0.78,1,0.471184631803629,0.527457698574458,11.2666666666667,"1",17,2018,28,0.0156099333005817
"210","12","full removal","left","CEOL","blue",2.7,0,0.471184631803629,14.1032377404953,11.2666666666667,"1",17,2018,28,NA
"211","12","full removal","left","HEAR","S",7.01,1,0.471184631803629,150.471374214073,11.2666666666667,"1",17,2018,28,0.000329577594323627
"212","12","full removal","left","HEAR","C",6.95,1,0.471184631803629,157.428003888846,11.2666666666667,"1",17,2018,28,-0.00239424000426619
"213","12","full removal","left","HEAR","R",4.47,1,0.471184631803629,95.7839430170755,11.2666666666667,"1",17,2018,28,-0.0084641202501955
"214","12","full removal","left","RHOV","blue",1.58,1,0.471184631803629,9.1565676295618,11.2666666666667,"1",17,2018,28,-0.0022556891311627
"215","13","full removal","right","CEOL","green",1.7,0,0.233640552995392,0.0128176980266464,10.6,"1",50.8,2018,3.5,NA
"216","13","full removal","right","CEOL","blue",2,0,0.233640552995392,0.284837733925475,10.6,"1",50.8,2018,3.5,NA
"217","13","full removal","right","HEAR","S",9.4,1,0.233640552995392,175.603457802729,10.6,"1",50.8,2018,3.5,-0.00336816903527296
"218","13","full removal","right","HEAR","C",8,0,0.233640552995392,50.3773231559045,10.6,"1",50.8,2018,3.5,NA
"219","13","full removal","right","HEAR","R",7.1,0,0.233640552995392,67.0032859771712,10.6,"1",50.8,2018,3.5,NA
"220","13","full removal","right","RHOV","green",1.6,1,0.233640552995392,2.94413308333616,10.6,"1",50.8,2018,3.5,-0.00346065607963741
"221","13","full removal","right","RHOV","blue",1.3,0,0.233640552995392,2.92011037151171,10.6,"1",50.8,2018,3.5,NA
"222","13","full removal","right","SAAP","green",0.3,0,0.233640552995392,0.044642031607511,10.6,"1",50.8,2018,3.5,NA
"223","13","full removal","right","SAAP","blue",0.3,0,0.233640552995392,0.104677867217612,10.6,"1",50.8,2018,3.5,NA
"224","13","full removal","left","SAAP","green",1.15,1,0.233640552995392,1.24678816846691,10.6,"1",50.8,2018,3.5,0.0296438362964377
"225","13","full removal","left","CEOL","green",2.28,0,0.233640552995392,5.51538006264224,10.6,"1",50.8,2018,3.5,NA
"226","13","full removal","left","CEOL","blue",2.34,0,0.233640552995392,0.173858879042313,10.6,"1",50.8,2018,3.5,NA
"227","13","full removal","left","HEAR","S",9.69,1,0.233640552995392,164.041967486522,10.6,"1",50.8,2018,3.5,-0.00532477092887873
"228","13","full removal","left","HEAR","C",7.08,0,0.233640552995392,172.247958294146,10.6,"1",50.8,2018,3.5,NA
"229","13","full removal","left","HEAR","R",5.54,0,0.233640552995392,74.2803382058576,10.6,"1",50.8,2018,3.5,NA
"230","13","full removal","left","RHOV","green",1.19,0,0.233640552995392,3.4721897789099,10.6,"1",50.8,2018,3.5,NA
"231","13","full removal","left","RHOV","blue",2.6,0,0.233640552995392,0.191951311134336,10.6,"1",50.8,2018,3.5,NA
"232","14","none","right","CEOL","green",1.289,0,0.274364896073903,2.36845752537523,10.1,"1",35,2018,35,NA
"233","14","none","right","CEOL","blue",1.728,0,0.274364896073903,1.37083108926141,10.1,"1",35,2018,35,NA
"234","14","none","right","HEAR","S",13.754,1,0.274364896073903,544.051156086332,10.1,"1",35,2018,35,-0.03726778816845
"235","14","none","right","HEAR","C",7.411,0,0.274364896073903,2.02755061449988,10.1,"1",35,2018,35,NA
"236","14","none","right","HEAR","R",7.575,0,0.274364896073903,0.190083045253155,10.1,"1",35,2018,35,NA
"237","14","none","right","RHOV","green",0.8,0,0.274364896073903,0.86785617409475,10.1,"1",35,2018,35,NA
"238","14","none","right","RHOV","blue",1.449,0,0.274364896073903,2.90981087676681,10.1,"1",35,2018,35,NA
"239","14","none","right","SAAP","green",2.186,0,0.274364896073903,1.58205720229887,10.1,"1",35,2018,35,NA
"240","14","none","right","SAAP","blue",3.825,0,0.274364896073903,112.071512654503,10.1,"1",35,2018,35,NA
"241","14","none","left","CEOL","green",0.5,0,0.274364896073903,0.00177395265172704,10.1,"1",35,2018,35,NA
"242","14","none","left","CEOL","blue",2.5,1,0.274364896073903,6.85940575972551,10.1,"1",35,2018,35,0.00467762429191361
"243","14","none","left","HEAR","S",10,0,0.274364896073903,20.3418124319939,10.1,"1",35,2018,35,NA
"244","14","none","left","HEAR","C",7,0,0.274364896073903,122.803704911519,10.1,"1",35,2018,35,NA
"245","14","none","left","HEAR","R",5.2,0,0.274364896073903,0.142942465738336,10.1,"1",35,2018,35,NA
"246","14","none","left","RHOV","green",2.3,0,0.274364896073903,5.98862957997901,10.1,"1",35,2018,35,NA
"247","14","none","left","RHOV","blue",2.9,0,0.274364896073903,11.8510927989898,10.1,"1",35,2018,35,NA
"248","14","none","left","SAAP","green",6.5,1,0.274364896073903,201.201730702831,10.1,"1",35,2018,35,-0.0204553361387154
"249","14","none","left","SAAP","blue",2.7,0,0.274364896073903,45.2585848737412,10.1,"1",35,2018,35,NA
"250","15","half removal","right","CEOL","green",0.55,0,0.316526610644258,0.00711308936650289,10.8666666666667,"1",20,2018,23,NA
"251","15","half removal","right","CEOL","blue",1.65,1,0.316526610644258,9.78081465620071,10.8666666666667,"1",20,2018,23,-0.0114517477683997
"252","15","half removal","right","HEAR","S",6.1,0,0.316526610644258,269.745899808748,10.8666666666667,"1",20,2018,23,NA
"253","15","half removal","right","HEAR","C",12.05,0,0.316526610644258,669.363082689942,10.8666666666667,"1",20,2018,23,NA
"254","15","half removal","right","HEAR","R",3.6,0,0.316526610644258,28.0019577992419,10.8666666666667,"1",20,2018,23,NA
"255","15","half removal","right","RHOV","green",0.9,1,0.316526610644258,4.38812949464442,10.8666666666667,"1",20,2018,23,0.00334451159103585
"256","15","half removal","right","RHOV","blue",1.3,0,0.316526610644258,4.05657104197231,10.8666666666667,"1",20,2018,23,NA
"257","15","half removal","right","SAAP","green",1.9,0,0.316526610644258,2.95715498488529,10.8666666666667,"1",20,2018,23,NA
"258","15","half removal","right","SAAP","blue",0.6,0,0.316526610644258,0.253934934189663,10.8666666666667,"1",20,2018,23,NA
"259","15","half removal","left","CEOL","green",2.783,1,0.316526610644258,16.7344936424344,10.8666666666667,"1",20,2018,23,-0.00689606518204766
"260","15","half removal","left","CEOL","blue",0.987,1,0.316526610644258,1.90946372193121,10.8666666666667,"1",20,2018,23,0.00606236851936375
"261","15","half removal","left","HEAR","S",7.213,0,0.316526610644258,228.851524485605,10.8666666666667,"1",20,2018,23,NA
"262","15","half removal","left","HEAR","C",8.03,0,0.316526610644258,82.1689281481028,10.8666666666667,"1",20,2018,23,NA
"263","15","half removal","left","HEAR","R",7.93,0,0.316526610644258,0.193518709305078,10.8666666666667,"1",20,2018,23,NA
"264","15","half removal","left","RHOV","green",0.69,0,0.316526610644258,3.35733210429711,10.8666666666667,"1",20,2018,23,NA
"265","15","half removal","left","RHOV","blue",1.182,0,0.316526610644258,3.79185371673657,10.8666666666667,"1",20,2018,23,NA
"266","15","half removal","left","SAAP","green",0.909,0,0.316526610644258,0.50336608115114,10.8666666666667,"1",20,2018,23,NA
"267","15","half removal","left","SAAP","blue",1.399,0,0.316526610644258,1.02795617322131,10.8666666666667,"1",20,2018,23,NA
"268","16","full removal","right","CEOL","green",2.6,0,0.228392081120232,0.989978676999216,11.1,"1",42.25,2018,6,NA
"269","16","full removal","right","CEOL","blue",2.15,1,0.228392081120232,2.21274936962943,11.1,"1",42.25,2018,6,0.00155322961496579
"270","16","full removal","right","HEAR","S",6.9,0,0.228392081120232,298.184329547328,11.1,"1",42.25,2018,6,NA
"271","16","full removal","right","HEAR","C",4.3,0,0.228392081120232,77.3043850287206,11.1,"1",42.25,2018,6,NA
"272","16","full removal","right","HEAR","R",7.8,0,0.228392081120232,22.6494378997618,11.1,"1",42.25,2018,6,NA
"273","16","full removal","right","RHOV","green",1.8,0,0.228392081120232,7.26311088768731,11.1,"1",42.25,2018,6,NA
"274","16","full removal","right","RHOV","blue",1.7,1,0.228392081120232,7.8252046452676,11.1,"1",42.25,2018,6,-0.0123147198313772
"275","16","full removal","right","SAAP","green",3.85,0,0.228392081120232,142.495367361846,11.1,"1",42.25,2018,6,NA
"276","16","full removal","right","SAAP","blue",5.2,0,0.228392081120232,117.492716866919,11.1,"1",42.25,2018,6,NA
"277","16","full removal","left","CEOL","green",2.05,1,0.228392081120232,6.18480109724466,11.1,"1",42.25,2018,6,-0.0124716500105838
"278","16","full removal","left","CEOL","blue",2.69,0,0.228392081120232,3.68740248924897,11.1,"1",42.25,2018,6,NA
"279","16","full removal","left","HEAR","S",6.42,0,0.228392081120232,13.2248295849957,11.1,"1",42.25,2018,6,NA
"280","16","full removal","left","HEAR","C",5.8,1,0.228392081120232,45.5719220890225,11.1,"1",42.25,2018,6,-0.004453392351804
"281","16","full removal","left","HEAR","R",7.38,0,0.228392081120232,66.8700437023495,11.1,"1",42.25,2018,6,NA
"282","16","full removal","left","RHOV","green",0.56,0,0.228392081120232,0.857742759024314,11.1,"1",42.25,2018,6,NA
"283","16","full removal","left","RHOV","blue",0.74,0,0.228392081120232,2.21845869067856,11.1,"1",42.25,2018,6,NA
"284","16","full removal","left","SAAP","green",3.31,1,0.228392081120232,57.1528326838159,11.1,"1",42.25,2018,6,0.00849360722959753
"285","16","full removal","left","SAAP","blue",5.62,0,0.228392081120232,69.3791552149554,11.1,"1",42.25,2018,6,NA
"286","17","half removal","right","CEOL","green",2.9,0,0.230507030251385,3.26463836585539,10.9666666666667,"1",32.5,2018,32,NA
"287","17","half removal","right","CEOL","blue",4,0,0.230507030251385,2.57610597594363,10.9666666666667,"1",32.5,2018,32,NA
"288","17","half removal","right","HEAR","S",7.8,1,0.230507030251385,98.9782641617632,10.9666666666667,"1",32.5,2018,32,0.000792806948651825
"289","17","half removal","right","HEAR","C",8.4,0,0.230507030251385,194.478722424149,10.9666666666667,"1",32.5,2018,32,NA
"290","17","half removal","right","HEAR","R",3.5,0,0.230507030251385,42.3842736871311,10.9666666666667,"1",32.5,2018,32,NA
"291","17","half removal","right","RHOV","green",2.5,0,0.230507030251385,4.32990007481013,10.9666666666667,"1",32.5,2018,32,NA
"292","17","half removal","right","RHOV","blue",1,0,0.230507030251385,2.29865098475409,10.9666666666667,"1",32.5,2018,32,NA
"293","17","half removal","right","SAAP","green",6,0,0.230507030251385,85.4261874364137,10.9666666666667,"1",32.5,2018,32,NA
"294","17","half removal","right","SAAP","blue",1.5,0,0.230507030251385,0.973658103163817,10.9666666666667,"1",32.5,2018,32,NA
"295","17","half removal","left","CEOL","green",3.1,0,0.230507030251385,0.0146084058391925,10.9666666666667,"1",32.5,2018,32,NA
"296","17","half removal","left","CEOL","blue",2.72,1,0.230507030251385,7.60402814487447,10.9666666666667,"1",32.5,2018,32,-0.00140568580722918
"297","17","half removal","left","HEAR","S",6.88,1,0.230507030251385,131.494770191227,10.9666666666667,"1",32.5,2018,32,-0.00498963520358287
"298","17","half removal","left","HEAR","C",7.18,0,0.230507030251385,136.977423236,10.9666666666667,"1",32.5,2018,32,NA
"299","17","half removal","left","HEAR","R",7.86,0,0.230507030251385,146.069723304647,10.9666666666667,"1",32.5,2018,32,NA
"300","17","half removal","left","RHOV","green",2.52,0,0.230507030251385,2.5668948262833,10.9666666666667,"1",32.5,2018,32,NA
"301","17","half removal","left","RHOV","blue",1.05,0,0.230507030251385,3.31736476255814,10.9666666666667,"1",32.5,2018,32,NA
"302","17","half removal","left","SAAP","green",2.03,0,0.230507030251385,1.15325248319403,10.9666666666667,"1",32.5,2018,32,NA
"303","17","half removal","left","SAAP","blue",2.84,1,0.230507030251385,25.1963731407193,10.9666666666667,"1",32.5,2018,32,-0.00425577819681407
"304","18","none","right","HEAR","S",14.861,0,0.489213893967093,256.07638135458,9.16666666666667,"1",36,2018,41,NA
"305","18","none","right","HEAR","C",2.203,0,0.489213893967093,0.125185756803645,9.16666666666667,"1",36,2018,41,NA
"306","18","none","right","HEAR","R",6.361,0,0.489213893967093,18.0093641222631,9.16666666666667,"1",36,2018,41,NA
"307","18","none","right","RHOV","green",3.824,0,0.489213893967093,9.68072257596833,9.16666666666667,"1",36,2018,41,NA
"308","18","none","right","RHOV","blue",1.141,0,0.489213893967093,1.52622739533605,9.16666666666667,"1",36,2018,41,NA
"309","18","none","right","SAAP","green",2.347,0,0.489213893967093,17.5685521648268,9.16666666666667,"1",36,2018,41,NA
"310","18","none","right","SAAP","blue",2.417,0,0.489213893967093,2.69644183206765,9.16666666666667,"1",36,2018,41,NA
"311","18","none","left","CEOL","blue",1,1,0.489213893967093,0.371179172021634,9.16666666666667,"1",36,2018,41,-0.0090787862573612
"312","18","none","left","HEAR","S",1.3,0,0.489213893967093,0.0272271363311115,9.16666666666667,"1",36,2018,41,NA
"313","18","none","left","HEAR","C",5.2,0,0.489213893967093,0.65181764376681,9.16666666666667,"1",36,2018,41,NA
"314","18","none","left","HEAR","R",2.6,1,0.489213893967093,0.232111337222726,9.16666666666667,"1",36,2018,41,-0.00462463170462565
"315","18","none","left","RHOV","green",1.4,0,0.489213893967093,8.99393994425607,9.16666666666667,"1",36,2018,41,NA
"316","18","none","left","RHOV","blue",0.8,0,0.489213893967093,2.58766703690884,9.16666666666667,"1",36,2018,41,NA
"317","18","none","left","SAAP","green",2.3,0,0.489213893967093,16.9984928781294,9.16666666666667,"1",36,2018,41,NA
"318","18","none","left","SAAP","blue",0.2,0,0.489213893967093,0.0010471975511966,9.16666666666667,"1",36,2018,41,NA
"319","19","full removal","right","CEOL","green",3.12,0,0.258693045563549,3.77417118394602,6.86666666666667,"2",43.5,2018,0,NA
"320","19","full removal","right","CEOL","blue",3,0,0.258693045563549,16.4895915201621,6.86666666666667,"2",43.5,2018,0,NA
"321","19","full removal","right","HEAR","S",6.52,1,0.258693045563549,349.20141919758,6.86666666666667,"2",43.5,2018,0,0.00559325713579464
"322","19","full removal","right","HEAR","C",9.04,0,0.258693045563549,221.054221229473,6.86666666666667,"2",43.5,2018,0,NA
"323","19","full removal","right","HEAR","R",3.22,1,0.258693045563549,32.6171249589735,6.86666666666667,"2",43.5,2018,0,0.0123606921749759
"324","19","full removal","right","RHOV","green",2.59,1,0.258693045563549,15.2718191014437,6.86666666666667,"2",43.5,2018,0,-0.00113150559238085
"325","19","full removal","right","RHOV","blue",3,0,0.258693045563549,7.61757678679185,6.86666666666667,"2",43.5,2018,0,-0.00642770801353308
"326","19","full removal","right","SAAP","green",3.12,0,0.258693045563549,2.86603727875812,6.86666666666667,"2",43.5,2018,0,NA
"327","19","full removal","right","SAAP","blue",1.36,0,0.258693045563549,3.01073484759227,6.86666666666667,"2",43.5,2018,0,NA
"328","19","full removal","left","CEOL","green",2.32,0,0.258693045563549,4.85851073788846,6.86666666666667,"2",43.5,2018,0,NA
"329","19","full removal","left","CEOL","blue",3.86,0,0.258693045563549,3.28427331994033,6.86666666666667,"2",43.5,2018,0,NA
"330","19","full removal","left","HEAR","S",5.17,0,0.258693045563549,142.411237081379,6.86666666666667,"2",43.5,2018,0,0.00648691927960046
"331","19","full removal","left","HEAR","C",8.49,0,0.258693045563549,195.243486606998,6.86666666666667,"2",43.5,2018,0,-0.0142069162414263
"332","19","full removal","left","HEAR","R",5.12,0,0.258693045563549,112.313194002897,6.86666666666667,"2",43.5,2018,0,NA
"333","19","full removal","left","RHOV","green",3.16,0,0.258693045563549,6.45283131047344,6.86666666666667,"2",43.5,2018,0,NA
"334","19","full removal","left","RHOV","blue",1.82,0,0.258693045563549,2.75936135861283,6.86666666666667,"2",43.5,2018,0,NA
"335","19","full removal","left","SAAP","green",2.34,0,0.258693045563549,7.26286584346033,6.86666666666667,"2",43.5,2018,0,NA
"336","19","full removal","left","SAAP","blue",3.18,0,0.258693045563549,8.71151076469835,6.86666666666667,"2",43.5,2018,0,NA
"337","20","none","right","CEOL","green",1.93,0,0.165927802406586,6.10814204770687,6.4,"2",33,2018,27,NA
"338","20","none","right","CEOL","blue",0.87,0,0.165927802406586,1.73356852536269,6.4,"2",33,2018,27,NA
"339","20","none","right","HEAR","S",5.57,1,0.165927802406586,202.84167871992,6.4,"2",33,2018,27,0.0027011665951328
"340","20","none","right","HEAR","C",10.71,0,0.165927802406586,138.037395026525,6.4,"2",33,2018,27,-0.00911047654014352
"341","20","none","right","HEAR","R",7.85,0,0.165927802406586,230.432145477407,6.4,"2",33,2018,27,0.00550137397537404
"342","20","none","right","RHOV","blue",1.04,0,0.165927802406586,1.70888398468588,6.4,"2",33,2018,27,NA
"343","20","none","right","SAAP","green",2.88,0,0.165927802406586,5.64144589264549,6.4,"2",33,2018,27,NA
"344","20","none","right","SAAP","blue",3.26,0,0.165927802406586,21.1830262248701,6.4,"2",33,2018,27,NA
"345","20","none","left","CEOL","blue",2.14,0,0.165927802406586,4.64694332222511,6.4,"2",33,2018,27,NA
"346","20","none","left","HEAR","S",8.31,1,0.165927802406586,308.035666675417,6.4,"2",33,2018,27,0.00308542473544482
"347","20","none","left","HEAR","C",8.53,1,0.165927802406586,125.983534936493,6.4,"2",33,2018,27,0.00540850283280053
"348","20","none","left","HEAR","R",11.16,0,0.165927802406586,362.913704581892,6.4,"2",33,2018,27,-0.00730424884885259
"349","20","none","left","RHOV","green",2.66,0,0.165927802406586,0.412400009229386,6.4,"2",33,2018,27,NA
"350","20","none","left","RHOV","blue",1.22,1,0.165927802406586,2.12142327118958,6.4,"2",33,2018,27,-0.00507018957338319
"351","20","none","left","SAAP","green",2.21,0,0.165927802406586,0.369710477456081,6.4,"2",33,2018,27,NA
"352","20","none","left","SAAP","blue",1.84,0,0.165927802406586,0.424098253073803,6.4,"2",33,2018,27,NA
"353","21","half removal","right","CEOL","green",4.11,0,0.26920712968654,3.60415447271905,8.16666666666667,"2",32,2018,23,NA
"354","21","half removal","right","CEOL","blue",2.11,0,0.26920712968654,3.08237363206963,8.16666666666667,"2",32,2018,23,NA
"355","21","half removal","right","HEAR","S",5.1,0,0.26920712968654,80.6233205876056,8.16666666666667,"2",32,2018,23,-0.0195936731622511
"356","21","half removal","right","HEAR","C",6.52,1,0.26920712968654,237.058717333599,8.16666666666667,"2",32,2018,23,0.00315755879885377
"357","21","half removal","right","HEAR","R",7.24,1,0.26920712968654,161.001408452672,8.16666666666667,"2",32,2018,23,0.00315720823286497
"358","21","half removal","right","RHOV","green",1.19,1,0.26920712968654,0.776610081547806,8.16666666666667,"2",32,2018,23,0.000139470827841943
"359","21","half removal","right","RHOV","blue",1.86,0,0.26920712968654,5.97980484621507,8.16666666666667,"2",32,2018,23,0.00253073122882239
"360","21","half removal","right","SAAP","blue",5.82,0,0.26920712968654,24.5131469007994,8.16666666666667,"2",32,2018,23,NA
"361","21","half removal","left","HEAR","S",6.84,1,0.26920712968654,32.3580901727095,8.16666666666667,"2",32,2018,23,0.00294910855521899
"362","21","half removal","left","HEAR","C",5.07,0,0.26920712968654,27.4506302796855,8.16666666666667,"2",32,2018,23,-0.000602475235271856
"363","21","half removal","left","HEAR","R",6.24,1,0.26920712968654,264.526223201822,8.16666666666667,"2",32,2018,23,-0.00113271970031559
"364","21","half removal","left","RHOV","green",2,1,0.26920712968654,9.88470712525492,8.16666666666667,"2",32,2018,23,0.00748073052350182
"365","21","half removal","left","RHOV","blue",2.31,0,0.26920712968654,11.6234215793842,8.16666666666667,"2",32,2018,23,-0.00290932585764109
"366","21","half removal","left","SAAP","blue",2.59,0,0.26920712968654,1.45511764930196,8.16666666666667,"2",32,2018,23,NA
"367","22","full removal","right","CEOL","green",3.36,0,0.256556825823806,7.53047298887842,9.7,"2",44.85,2018,2,-0.00303869261323258
"368","22","full removal","right","CEOL","blue",1.63,0,0.256556825823806,3.8644087205314,9.7,"2",44.85,2018,2,0.000700803937391658
"369","22","full removal","right","HEAR","S",9.4,1,0.256556825823806,215.280778179894,9.7,"2",44.85,2018,2,-0.0115524530093324
"370","22","full removal","right","HEAR","C",10.59,0,0.256556825823806,140.414891085705,9.7,"2",44.85,2018,2,-0.0115367223175873
"371","22","full removal","right","HEAR","R",9.12,1,0.256556825823806,375.515725989684,9.7,"2",44.85,2018,2,-0.0159617805931812
"372","22","full removal","right","RHOV","green",1.09,1,0.256556825823806,1.67387250535795,9.7,"2",44.85,2018,2,0.0151179012794872
"373","22","full removal","right","RHOV","blue",3.2,1,0.256556825823806,4.9260172808288,9.7,"2",44.85,2018,2,-0.0041143346321921
"374","22","full removal","right","SAAP","green",3.5,0,0.256556825823806,22.6695755086713,9.7,"2",44.85,2018,2,0.000469514616111603
"375","22","full removal","right","SAAP","blue",2.5,0,0.256556825823806,4.86946861306418,9.7,"2",44.85,2018,2,0.00824493736393512
"376","22","full removal","left","CEOL","green",3.04,0,0.256556825823806,3.31081977786316,9.7,"2",44.85,2018,2,-0.00873451417526685
"377","22","full removal","left","CEOL","blue",2.38,0,0.256556825823806,3.68939635338645,9.7,"2",44.85,2018,2,-0.0144516747947231
"378","22","full removal","left","HEAR","S",4.99,1,0.256556825823806,122.873039337785,9.7,"2",44.85,2018,2,-0.00591121568780099
"379","22","full removal","left","HEAR","C",5.95,1,0.256556825823806,144.699705117146,9.7,"2",44.85,2018,2,0.00978087536517203
"380","22","full removal","left","HEAR","R",5.42,1,0.256556825823806,132.190767005284,9.7,"2",44.85,2018,2,0.0102081546257082
"381","22","full removal","left","RHOV","green",2.26,0,0.256556825823806,4.61050294183857,9.7,"2",44.85,2018,2,NA
"382","22","full removal","left","RHOV","blue",2.74,0,0.256556825823806,6.20462035809861,9.7,"2",44.85,2018,2,NA
"383","22","full removal","left","SAAP","green",4.11,0,0.256556825823806,20.633289398394,9.7,"2",44.85,2018,2,-0.00267766766687959
"384","22","full removal","left","SAAP","blue",4.77,0,0.256556825823806,28.0226923107556,9.7,"2",44.85,2018,2,-0.0153415403121309
"385","23","half removal","right","CEOL","green",3.37,0,0.366273509722665,1.15964771863919,10.0333333333333,"2",28.2,2018,20,NA
"386","23","half removal","right","HEAR","S",7.73,1,0.366273509722665,316.522295431187,10.0333333333333,"2",28.2,2018,20,-0.00100650288723969
"387","23","half removal","right","HEAR","C",9.63,0,0.366273509722665,97.6553929024116,10.0333333333333,"2",28.2,2018,20,NA
"388","23","half removal","right","HEAR","R",4.63,1,0.366273509722665,52.9400710798851,10.0333333333333,"2",28.2,2018,20,-0.00279569231092294
"389","23","half removal","right","RHOV","green",1.98,0,0.366273509722665,9.38630601713352,10.0333333333333,"2",28.2,2018,20,NA
"390","23","half removal","right","RHOV","blue",2.23,0,0.366273509722665,16.5321726669889,10.0333333333333,"2",28.2,2018,20,NA
"391","23","half removal","right","SAAP","green",2.34,0,0.366273509722665,0.151927420727602,10.0333333333333,"2",28.2,2018,20,NA
"392","23","half removal","right","SAAP","blue",2.23,0,0.366273509722665,0.0479893985799109,10.0333333333333,"2",28.2,2018,20,NA
"393","23","half removal","left","CEOL","green",1.04,0,0.366273509722665,1.77019949570355,10.0333333333333,"2",28.2,2018,20,NA
"394","23","half removal","left","CEOL","blue",1.08,1,0.366273509722665,5.27531211842552,10.0333333333333,"2",28.2,2018,20,-0.00798220433316728
"395","23","half removal","left","HEAR","S",8.01,1,0.366273509722665,192.128339880366,10.0333333333333,"2",28.2,2018,20,0.00369823886522963
"396","23","half removal","left","HEAR","C",11.03,1,0.366273509722665,369.931868631972,10.0333333333333,"2",28.2,2018,20,-0.0176946361421498
"397","23","half removal","left","HEAR","R",5.06,1,0.366273509722665,48.6474030668102,10.0333333333333,"2",28.2,2018,20,0.00726169382339282
"398","23","half removal","left","RHOV","green",1.08,0,0.366273509722665,3.51800571897231,10.0333333333333,"2",28.2,2018,20,0.00104668168731717
"399","23","half removal","left","RHOV","blue",2.09,0,0.366273509722665,18.0383569048749,10.0333333333333,"2",28.2,2018,20,NA
"400","23","half removal","left","SAAP","green",2.02,0,0.366273509722665,6.58039672737,10.0333333333333,"2",28.2,2018,20,NA
"401","23","half removal","left","SAAP","blue",3.03,0,0.366273509722665,3.25122324162579,10.0333333333333,"2",28.2,2018,20,NA
"402","24","none","right","CEOL","green",0.48,0,0.477762803234501,0.153711845354841,8.96666666666667,"2",33.2,2018,28,NA
"403","24","none","right","CEOL","blue",2.6,0,0.477762803234501,0.269548649678004,8.96666666666667,"2",33.2,2018,28,NA
"404","24","none","right","HEAR","S",6.23,0,0.477762803234501,23.0533503728387,8.96666666666667,"2",33.2,2018,28,0.000707097401703827
"405","24","none","right","HEAR","C",6.97,0,0.477762803234501,6.68840834799184,8.96666666666667,"2",33.2,2018,28,-0.000658461639591867
"406","24","none","right","HEAR","R",8.16,1,0.477762803234501,71.5590717997622,8.96666666666667,"2",33.2,2018,28,-0.000967064001939622
"407","24","none","right","RHOV","green",2.14,0,0.477762803234501,3.69126769541044,8.96666666666667,"2",33.2,2018,28,0.00506508179931113
"408","24","none","right","RHOV","blue",2.45,1,0.477762803234501,6.38355395647402,8.96666666666667,"2",33.2,2018,28,-0.00609099622490776
"409","24","none","right","SAAP","green",1.75,0,0.477762803234501,0.392542002066045,8.96666666666667,"2",33.2,2018,28,NA
"410","24","none","right","SAAP","blue",2.16,0,0.477762803234501,2.60666738927775,8.96666666666667,"2",33.2,2018,28,-0.00399133284389839
"411","24","none","left","CEOL","blue",1.74,0,0.477762803234501,2.33177174890334,8.96666666666667,"2",33.2,2018,28,NA
"412","24","none","left","HEAR","C",6.38,1,0.477762803234501,167.012642838991,8.96666666666667,"2",33.2,2018,28,5.21648834821309e-05
"413","24","none","left","HEAR","R",3.77,1,0.477762803234501,34.4402037422223,8.96666666666667,"2",33.2,2018,28,0.0135498527006059
"414","24","none","left","RHOV","green",1.4,0,0.477762803234501,4.43957307434695,8.96666666666667,"2",33.2,2018,28,-0.0012351328692287
"415","24","none","left","RHOV","blue",1.48,0,0.477762803234501,0.941922781374804,8.96666666666667,"2",33.2,2018,28,-0.0012871891322665
"416","24","none","left","SAAP","green",1.69,0,0.477762803234501,2.13760928013965,8.96666666666667,"2",33.2,2018,28,-0.00176696990127995
"417","24","none","left","SAAP","blue",1.27,0,0.477762803234501,1.52584118311958,8.96666666666667,"2",33.2,2018,28,0.000389122733283186
"418","25","none","right","CEOL","green",1.41,0,0.228837209302326,0.244073474850045,7.8,"2",25.85,2018,10,NA
"419","25","none","right","CEOL","blue",5.11,0,0.228837209302326,10.6044323886242,7.8,"2",25.85,2018,10,NA
"420","25","none","right","HEAR","S",7.78,1,0.228837209302326,220.722230284212,7.8,"2",25.85,2018,10,0.00133734056372439
"421","25","none","right","HEAR","C",4.14,1,0.228837209302326,0.341412581628871,7.8,"2",25.85,2018,10,0.00175600859429711
"422","25","none","right","HEAR","R",5.71,1,0.228837209302326,174.997184874859,7.8,"2",25.85,2018,10,-0.000663956093184677
"423","25","none","right","RHOV","green",1.52,0,0.228837209302326,4.86690507345885,7.8,"2",25.85,2018,10,-0.000220753779167011
"424","25","none","right","RHOV","blue",2.02,0,0.228837209302326,13.3920000132785,7.8,"2",25.85,2018,10,NA
"425","25","none","right","SAAP","green",3.6,0,0.228837209302326,6.73456933964737,7.8,"2",25.85,2018,10,-0.00389358085302508
"426","25","none","right","SAAP","blue",1.79,0,0.228837209302326,3.23207837599481,7.8,"2",25.85,2018,10,-0.00513964923704893
"427","25","none","left","CEOL","green",1.98,0,0.228837209302326,2.05074686126177,7.8,"2",25.85,2018,10,NA
"428","25","none","left","CEOL","blue",2.87,0,0.228837209302326,5.70285460424521,7.8,"2",25.85,2018,10,NA
"429","25","none","left","HEAR","S",7.32,1,0.228837209302326,78.1388988516643,7.8,"2",25.85,2018,10,-0.000692704170449661
"430","25","none","left","HEAR","C",5.81,0,0.228837209302326,53.6637133856945,7.8,"2",25.85,2018,10,-0.00338535972034343
"431","25","none","left","HEAR","R",8.16,1,0.228837209302326,197.221646969999,7.8,"2",25.85,2018,10,-0.00161589477474324
"432","25","none","left","RHOV","green",1.88,0,0.228837209302326,0.00354371651324929,7.8,"2",25.85,2018,10,NA
"433","25","none","left","RHOV","blue",1.3,0,0.228837209302326,2.08287592933003,7.8,"2",25.85,2018,10,NA
"434","25","none","left","SAAP","green",2.02,0,0.228837209302326,1.21547382009348,7.8,"2",25.85,2018,10,-0.00350387021706859
"435","25","none","left","SAAP","blue",3.43,0,0.228837209302326,0.0341229322057411,7.8,"2",25.85,2018,10,-0.000448148336938851
"436","26","half removal","right","CEOL","green",4.19,1,0.510094637223975,15.4387643822531,7.06666666666667,"2",39.75,2018,11,0.000431904812757837
"437","26","half removal","right","CEOL","blue",1.77,0,0.510094637223975,6.4025893899609,7.06666666666667,"2",39.75,2018,11,-0.00951632577642896
"438","26","half removal","right","HEAR","S",4.68,0,0.510094637223975,79.7386166804281,7.06666666666667,"2",39.75,2018,11,0.0029911414635258
"439","26","half removal","right","HEAR","C",4.87,0,0.510094637223975,92.4567482111043,7.06666666666667,"2",39.75,2018,11,0.00109274480821472
"440","26","half removal","right","HEAR","R",6.26,0,0.510094637223975,151.781110474539,7.06666666666667,"2",39.75,2018,11,-0.00325305784060604
"441","26","half removal","right","RHOV","green",1.8,1,0.510094637223975,15.4615367402014,7.06666666666667,"2",39.75,2018,11,0.00256917799712097
"442","26","half removal","right","RHOV","blue",1.8,0,0.510094637223975,2.27212547078228,7.06666666666667,"2",39.75,2018,11,-0.00594458239897887
"443","26","half removal","right","SAAP","green",2.94,0,0.510094637223975,4.23483548111251,7.06666666666667,"2",39.75,2018,11,-0.00338234739994484
"444","26","half removal","left","CEOL","green",1.55,0,0.510094637223975,2.84863913864254,7.06666666666667,"2",39.75,2018,11,-0.00181585306314258
"445","26","half removal","left","CEOL","blue",2.84,0,0.510094637223975,25.5767529904257,7.06666666666667,"2",39.75,2018,11,-0.0127695385929139
"446","26","half removal","left","HEAR","S",6.26,1,0.510094637223975,153.34262025345,7.06666666666667,"2",39.75,2018,11,0.00154973201870418
"447","26","half removal","left","HEAR","C",2.82,0,0.510094637223975,91.1774634082286,7.06666666666667,"2",39.75,2018,11,0.00844268708299222
"448","26","half removal","left","HEAR","R",2.58,0,0.510094637223975,68.88972335386,7.06666666666667,"2",39.75,2018,11,0.00596395098531516
"449","26","half removal","left","RHOV","green",1.6,0,0.510094637223975,5.2003830392423,7.06666666666667,"2",39.75,2018,11,-0.000745598230689859
"450","26","half removal","left","RHOV","blue",2.69,0,0.510094637223975,4.00008520606076,7.06666666666667,"2",39.75,2018,11,-0.00764854904252629
"451","26","half removal","left","SAAP","green",0.77,0,0.510094637223975,0.631164290063335,7.06666666666667,"2",39.75,2018,11,NA
"452","26","half removal","left","SAAP","blue",0.37,0,0.510094637223975,1.46461049510356,7.06666666666667,"2",39.75,2018,11,NA
"453","27","full removal","right","CEOL","green",1.53,0,0.467263743051266,1.33688590417921,8.43333333333333,"2",58.5,2018,2.25,NA
"454","27","full removal","right","CEOL","blue",1.47,0,0.467263743051266,1.39159988183413,8.43333333333333,"2",58.5,2018,2.25,NA
"455","27","full removal","right","HEAR","S",3.5,1,0.467263743051266,25.5214609597225,8.43333333333333,"2",58.5,2018,2.25,-0.0024584356184765
"456","27","full removal","right","HEAR","C",5.05,0,0.467263743051266,123.705027843834,8.43333333333333,"2",58.5,2018,2.25,-0.00465229701114641
"457","27","full removal","right","HEAR","R",9.37,1,0.467263743051266,436.290505032614,8.43333333333333,"2",58.5,2018,2.25,0.000247179671782805
"458","27","full removal","right","RHOV","green",2.66,0,0.467263743051266,13.8497321573016,8.43333333333333,"2",58.5,2018,2.25,-0.000252530083676703
"459","27","full removal","right","RHOV","blue",1.32,0,0.467263743051266,1.35852519437714,8.43333333333333,"2",58.5,2018,2.25,NA
"460","27","full removal","right","SAAP","green",3.07,0,0.467263743051266,2.67447238352018,8.43333333333333,"2",58.5,2018,2.25,-0.00226434611793901
"461","27","full removal","right","SAAP","blue",2.79,1,0.467263743051266,8.03579188402303,8.43333333333333,"2",58.5,2018,2.25,0.000413000483308116
"462","27","full removal","left","CEOL","green",1.78,0,0.467263743051266,0.66545215588339,8.43333333333333,"2",58.5,2018,2.25,0.000370385613078504
"463","27","full removal","left","CEOL","blue",1.49,0,0.467263743051266,0.699649439115266,8.43333333333333,"2",58.5,2018,2.25,NA
"464","27","full removal","left","HEAR","S",8.52,0,0.467263743051266,37.0504546415202,8.43333333333333,"2",58.5,2018,2.25,0.00131597827878797
"465","27","full removal","left","HEAR","C",3.86,0,0.467263743051266,9.62423453675314,8.43333333333333,"2",58.5,2018,2.25,0.00356288938377709
"466","27","full removal","left","HEAR","R",4.04,1,0.467263743051266,238.535362222961,8.43333333333333,"2",58.5,2018,2.25,-0.00287448767251572
"467","27","full removal","left","RHOV","green",2.46,0,0.467263743051266,2.92645638867196,8.43333333333333,"2",58.5,2018,2.25,NA
"468","27","full removal","left","RHOV","blue",2.3,0,0.467263743051266,3.21855120162723,8.43333333333333,"2",58.5,2018,2.25,-0.0035388772534999
"469","27","full removal","left","SAAP","green",2.61,0,0.467263743051266,2.35067628269631,8.43333333333333,"2",58.5,2018,2.25,-0.00239975680084013
"470","27","full removal","left","SAAP","blue",1.97,0,0.467263743051266,1.67802726164233,8.43333333333333,"2",58.5,2018,2.25,0.00383708362378323
"471","28","half removal","right","CEOL","green",2.43,0,0.295419612665232,5.36751472121573,6.93333333333333,"2",44.1,2018,0,NA
"472","28","half removal","right","CEOL","blue",3.34,0,0.295419612665232,2.10400523432053,6.93333333333333,"2",44.1,2018,0,-0.0130117178597377
"473","28","half removal","right","HEAR","S",7.43,0,0.295419612665232,350.093153989117,6.93333333333333,"2",44.1,2018,0,-0.0195436122632427
"474","28","half removal","right","HEAR","C",6.62,1,0.295419612665232,303.571195432093,6.93333333333333,"2",44.1,2018,0,-5.04286819422865e-05
"475","28","half removal","right","HEAR","R",5.92,0,0.295419612665232,178.203266048046,6.93333333333333,"2",44.1,2018,0,0
"476","28","half removal","right","RHOV","green",1.93,0,0.295419612665232,6.1651368216283,6.93333333333333,"2",44.1,2018,0,-0.0125305113731339
"477","28","half removal","right","SAAP","green",0.57,0,0.295419612665232,0.374437003603407,6.93333333333333,"2",44.1,2018,0,0.0200662134054323
"478","28","half removal","right","SAAP","blue",1.23,0,0.295419612665232,0.686467839939579,6.93333333333333,"2",44.1,2018,0,NA
"479","28","half removal","left","CEOL","green",1.52,0,0.295419612665232,3.00456894841082,6.93333333333333,"2",44.1,2018,0,0.0107666733689041
"480","28","half removal","left","CEOL","blue",1.59,0,0.295419612665232,5.2988363642156,6.93333333333333,"2",44.1,2018,0,0.004951196880027
"481","28","half removal","left","HEAR","S",3.46,0,0.295419612665232,22.3173757450675,6.93333333333333,"2",44.1,2018,0,0.00972134504969022
"482","28","half removal","left","HEAR","C",7.05,0,0.295419612665232,177.780505589844,6.93333333333333,"2",44.1,2018,0,0.0012520105078018
"483","28","half removal","left","HEAR","R",7.68,0,0.295419612665232,105.298143271137,6.93333333333333,"2",44.1,2018,0,-0.00627648641010517
"484","28","half removal","left","RHOV","green",0.88,0,0.295419612665232,1.54716317245949,6.93333333333333,"2",44.1,2018,0,0.000558711533977393
"485","28","half removal","left","RHOV","blue",0.59,0,0.295419612665232,1.07517657536947,6.93333333333333,"2",44.1,2018,0,NA
"486","28","half removal","left","SAAP","green",1.08,0,0.295419612665232,1.15325353039158,6.93333333333333,"2",44.1,2018,0,NA
"487","28","half removal","left","SAAP","blue",1.83,0,0.295419612665232,0.0373692446144506,6.93333333333333,"2",44.1,2018,0,0.0014805202284436
"488","29","none","right","CEOL","green",1,0,0.533734558124802,0.825610549363398,6.375,"2",38.75,2018,13.5,NA
"489","29","none","right","CEOL","blue",1.57,0,0.533734558124802,3.33300203999139,6.375,"2",38.75,2018,13.5,NA
"490","29","none","right","HEAR","S",14.55,0,0.533734558124802,61.1373565342659,6.375,"2",38.75,2018,13.5,0.000618395836722955
"491","29","none","right","HEAR","C",4.61,0,0.533734558124802,148.696485891333,6.375,"2",38.75,2018,13.5,0.000948622714274975
"492","29","none","right","HEAR","R",11.61,0,0.533734558124802,40.145595706134,6.375,"2",38.75,2018,13.5,0.000606127402847911
"493","29","none","right","RHOV","green",2.15,0,0.533734558124802,3.00842054100412,6.375,"2",38.75,2018,13.5,0.00719133912082333
"494","29","none","right","RHOV","blue",1.97,0,0.533734558124802,3.64476845894588,6.375,"2",38.75,2018,13.5,-0.0128724037036856
"495","29","none","right","SAAP","green",2.39,0,0.533734558124802,0.00901008773049553,6.375,"2",38.75,2018,13.5,0.00460181811490204
"496","29","none","right","SAAP","blue",1.49,0,0.533734558124802,0.00280858383230927,6.375,"2",38.75,2018,13.5,-0.00460930812055198
"497","29","none","left","HEAR","S",6.99,0,0.533734558124802,63.9273437088622,6.375,"2",38.75,2018,13.5,0.0034158892875692
"498","29","none","left","HEAR","C",5.75,0,0.533734558124802,52.6154723021382,6.375,"2",38.75,2018,13.5,-0.000233512284493305
"499","29","none","left","HEAR","R",5.69,0,0.533734558124802,107.213157098201,6.375,"2",38.75,2018,13.5,0.000632259721329453
"500","29","none","left","RHOV","blue",1.42,0,0.533734558124802,1.06113784499813,6.375,"2",38.75,2018,13.5,NA
"501","29","none","left","SAAP","green",2.51,0,0.533734558124802,5.70810787076079,6.375,"2",38.75,2018,13.5,-0.00197135279452775
"502","30","full removal","right","CEOL","green",2.51,0,0.623453152622275,3.84413131074881,7.075,"2",28.13,2018,11,NA
"503","30","full removal","right","CEOL","blue",2.51,0,0.623453152622275,0.123537895114663,7.075,"2",28.13,2018,11,NA
"504","30","full removal","right","HEAR","S",12.58,0,0.623453152622275,65.2469251971067,7.075,"2",28.13,2018,11,-0.00547065218695678
"505","30","full removal","right","HEAR","C",9.94,0,0.623453152622275,361.369556291183,7.075,"2",28.13,2018,11,-0.00672425095300233
"506","30","full removal","right","HEAR","R",8.79,0,0.623453152622275,149.976730450765,7.075,"2",28.13,2018,11,0.00157298227545569
"507","30","full removal","right","RHOV","green",1.73,0,0.623453152622275,2.10830973985472,7.075,"2",28.13,2018,11,NA
"508","30","full removal","right","RHOV","blue",1.34,0,0.623453152622275,0.663454102955707,7.075,"2",28.13,2018,11,NA
"509","30","full removal","right","SAAP","blue",2.64,0,0.623453152622275,0.819427895021133,7.075,"2",28.13,2018,11,-0.00349955146874108
"510","30","full removal","left","CEOL","green",1.97,0,0.623453152622275,0.460560101010142,7.075,"2",28.13,2018,11,NA
"511","30","full removal","left","CEOL","blue",2.09,1,0.623453152622275,9.08352455316829,7.075,"2",28.13,2018,11,0.00887660798145366
"512","30","full removal","left","HEAR","S",7.63,0,0.623453152622275,202.30817240829,7.075,"2",28.13,2018,11,0.00105788463772256
"513","30","full removal","left","HEAR","C",2.27,0,0.623453152622275,33.4729618184546,7.075,"2",28.13,2018,11,-0.00270433047627529
"514","30","full removal","left","HEAR","R",8.1,0,0.623453152622275,363.496250107647,7.075,"2",28.13,2018,11,NA
"515","30","full removal","left","RHOV","green",1.08,0,0.623453152622275,4.89937657512635,7.075,"2",28.13,2018,11,0.00832753871946442
"516","30","full removal","left","RHOV","blue",2.24,0,0.623453152622275,4.04754419908099,7.075,"2",28.13,2018,11,NA
"517","30","full removal","left","SAAP","blue",1.8,0,0.623453152622275,1.21089547239965,7.075,"2",28.13,2018,11,NA
"518","31","none","right","CEOL","blue",2.08,0,0.320475731276117,1.71530958886003,6.43333333333333,"2",18.1,2018,12,NA
"519","31","none","right","HEAR","S",6.16,0,0.320475731276117,136.876573923029,6.43333333333333,"2",18.1,2018,12,NA
"520","31","none","right","HEAR","C",4.64,1,0.320475731276117,4.75015511287104,6.43333333333333,"2",18.1,2018,12,-0.00264117234952958
"521","31","none","right","HEAR","R",8.42,1,0.320475731276117,258.210604092087,6.43333333333333,"2",18.1,2018,12,-0.0123221320937218
"522","31","none","right","RHOV","green",4.48,1,0.320475731276117,9.3294075853868,6.43333333333333,"2",18.1,2018,12,-0.0214085277801658
"523","31","none","left","CEOL","green",2.22,0,0.320475731276117,4.05906337214416,6.43333333333333,"2",18.1,2018,12,NA
"524","31","none","left","CEOL","blue",2.5,0,0.320475731276117,1.39591433574506,6.43333333333333,"2",18.1,2018,12,NA
"525","31","none","left","HEAR","S",1.41,0,0.320475731276117,7.94678428096152,6.43333333333333,"2",18.1,2018,12,0.0235711368860383
"526","31","none","left","HEAR","C",4.27,0,0.320475731276117,32.975324117348,6.43333333333333,"2",18.1,2018,12,0.000116686590983062
"527","31","none","left","HEAR","R",4.26,0,0.320475731276117,101.467737578691,6.43333333333333,"2",18.1,2018,12,0.0113160424261331
"528","31","none","left","RHOV","green",1.11,0,0.320475731276117,2.87423997717665,6.43333333333333,"2",18.1,2018,12,NA
"529","31","none","left","RHOV","blue",1.71,0,0.320475731276117,3.03739859164083,6.43333333333333,"2",18.1,2018,12,NA
"530","32","half removal","right","CEOL","blue",2,0,0.596728307254623,2.57715317349483,8.1,"2",9.5,2018,7,NA
"531","32","half removal","right","HEAR","S",6.95,1,0.596728307254623,174.403264689302,8.1,"2",9.5,2018,7,-0.00157316233715792
"532","32","half removal","right","HEAR","C",5.02,0,0.596728307254623,3.07136234981879,8.1,"2",9.5,2018,7,NA
"533","32","half removal","right","HEAR","R",4.25,0,0.596728307254623,93.4134249587779,8.1,"2",9.5,2018,7,-0.00195324955508049
"534","32","half removal","right","SAAP","green",5.33,0,0.596728307254623,30.8928346039144,8.1,"2",9.5,2018,7,NA
"535","32","half removal","left","CEOL","blue",2.45,0,0.596728307254623,2.52150509562424,8.1,"2",9.5,2018,7,NA
"536","32","half removal","left","HEAR","S",12.89,1,0.596728307254623,434.655145311597,8.1,"2",9.5,2018,7,0.00250996473029217
"537","32","half removal","left","HEAR","C",3.11,0,0.596728307254623,0.101611672787708,8.1,"2",9.5,2018,7,NA
"538","32","half removal","left","HEAR","R",6.08,1,0.596728307254623,145.880449677651,8.1,"2",9.5,2018,7,0.00068738264223415
"539","32","half removal","left","RHOV","blue",1.52,1,0.596728307254623,6.35104370849712,8.1,"2",9.5,2018,7,-0.00866060422413576
"540","33","full removal","right","CEOL","green",1.91,1,0.20656634746922,10.5332758386191,6.46666666666667,"2",64.2,2018,0,0.00529962756641748
"541","33","full removal","right","CEOL","blue",1.67,1,0.20656634746922,0.314700142894172,6.46666666666667,"2",64.2,2018,0,0.0171638875385848
"542","33","full removal","right","HEAR","S",11,0,0.20656634746922,439.47603495386,6.46666666666667,"2",64.2,2018,0,-0.000336711788625325
"543","33","full removal","right","HEAR","C",2.86,0,0.20656634746922,0.0377368109549206,6.46666666666667,"2",64.2,2018,0,NA
"544","33","full removal","right","HEAR","R",7.76,0,0.20656634746922,471.202405298205,6.46666666666667,"2",64.2,2018,0,-0.00493850422791865
"545","33","full removal","right","RHOV","green",2.36,0,0.20656634746922,9.2899408040773,6.46666666666667,"2",64.2,2018,0,NA
"546","33","full removal","right","RHOV","blue",1.3,0,0.20656634746922,0.0601719712917565,6.46666666666667,"2",64.2,2018,0,NA
"547","33","full removal","right","SAAP","green",1.21,0,0.20656634746922,5.40035536002003,6.46666666666667,"2",64.2,2018,0,NA
"548","33","full removal","right","SAAP","blue",2.59,0,0.20656634746922,20.7844502705141,6.46666666666667,"2",64.2,2018,0,NA
"549","33","full removal","left","CEOL","green",2.98,0,0.20656634746922,1.96538455287598,6.46666666666667,"2",64.2,2018,0,NA
"550","33","full removal","left","CEOL","blue",2.67,1,0.20656634746922,12.3203713432125,6.46666666666667,"2",64.2,2018,0,0.00332747871610763
"551","33","full removal","left","HEAR","S",9.72,0,0.20656634746922,266.647891517239,6.46666666666667,"2",64.2,2018,0,-0.00217660428281267
"552","33","full removal","left","HEAR","C",8.05,0,0.20656634746922,74.1771520715516,6.46666666666667,"2",64.2,2018,0,-0.00256917799712097
"553","33","full removal","left","HEAR","R",3.66,1,0.20656634746922,98.0392672503464,6.46666666666667,"2",64.2,2018,0,-0.0108393317559123
"554","33","full removal","left","RHOV","green",3.05,1,0.20656634746922,14.7627679942267,6.46666666666667,"2",64.2,2018,0,-0.00118895897410343
"555","33","full removal","left","RHOV","blue",2.07,0,0.20656634746922,0.682608393364644,6.46666666666667,"2",64.2,2018,0,NA
"556","33","full removal","left","SAAP","green",2.99,0,0.20656634746922,6.12008847737092,6.46666666666667,"2",64.2,2018,0,NA
"557","33","full removal","left","SAAP","blue",3.13,1,0.20656634746922,9.86071792375211,6.46666666666667,"2",64.2,2018,0,-0.000818495067245813
"558","34","half removal","right","CEOL","green",1.11,0,0.592139175257732,1.12740136444519,7.56666666666667,"2",18.5,2018,4.75,NA
"559","34","half removal","right","CEOL","blue",2.32,1,0.592139175257732,3.07938911904872,7.56666666666667,"2",18.5,2018,4.75,0.00755266636526969
"560","34","half removal","right","HEAR","S",12.32,1,0.592139175257732,663.732448064815,7.56666666666667,"2",18.5,2018,4.75,-0.00113346225619304
"561","34","half removal","right","HEAR","C",4.68,0,0.592139175257732,49.7280502021871,7.56666666666667,"2",18.5,2018,4.75,NA
"562","34","half removal","right","HEAR","R",6.04,0,0.592139175257732,75.7822833880564,7.56666666666667,"2",18.5,2018,4.75,NA
"563","34","half removal","right","RHOV","green",1.22,0,0.592139175257732,11.6735771060988,7.56666666666667,"2",18.5,2018,4.75,NA
"564","34","half removal","right","RHOV","blue",3.15,0,0.592139175257732,22.2338758775265,7.56666666666667,"2",18.5,2018,4.75,NA
"565","34","half removal","right","SAAP","green",2.32,0,0.592139175257732,2.88041320674095,7.56666666666667,"2",18.5,2018,4.75,NA
"566","34","half removal","right","SAAP","blue",0.8,0,0.592139175257732,0.551077239341698,7.56666666666667,"2",18.5,2018,4.75,NA
"567","34","half removal","left","CEOL","green",1.84,0,0.592139175257732,3.37698590793797,7.56666666666667,"2",18.5,2018,4.75,NA
"568","34","half removal","left","CEOL","blue",2.08,0,0.592139175257732,0.00272271363311115,7.56666666666667,"2",18.5,2018,4.75,NA
"569","34","half removal","left","HEAR","S",8,0,0.592139175257732,137.383941136584,7.56666666666667,"2",18.5,2018,4.75,0.000842904766048891
"570","34","half removal","left","HEAR","C",8.2,0,0.592139175257732,105.781351637185,7.56666666666667,"2",18.5,2018,4.75,-0.00847991943692681
"571","34","half removal","left","HEAR","R",6.92,1,0.592139175257732,153.744015263614,7.56666666666667,"2",18.5,2018,4.75,-0.000169451955924075
"572","34","half removal","left","RHOV","green",0.7,0,0.592139175257732,1.16340506345288,7.56666666666667,"2",18.5,2018,4.75,0.00390845516607541
"573","34","half removal","left","RHOV","blue",1.52,1,0.592139175257732,7.1771569126851,7.56666666666667,"2",18.5,2018,4.75,0.00868828206055477
"574","34","half removal","left","SAAP","blue",1.07,0,0.592139175257732,0.171436711106395,7.56666666666667,"2",18.5,2018,4.75,NA
"575","35","full removal","right","CEOL","green",1.53,0,0.497045533541884,0.430674653695317,8.66666666666667,"2",31.1,2018,2.5,0.00512634686678589
"576","35","full removal","right","CEOL","blue",2.12,1,0.497045533541884,0.692325339442197,8.66666666666667,"2",31.1,2018,2.5,7.06049537903541e-05
"577","35","full removal","right","HEAR","S",5.49,1,0.497045533541884,20.4162556115134,8.66666666666667,"2",31.1,2018,2.5,0.00175054321741039
"578","35","full removal","right","HEAR","C",7.73,0,0.497045533541884,47.4422211042498,8.66666666666667,"2",31.1,2018,2.5,-0.00184970253473922
"579","35","full removal","right","HEAR","R",4.43,1,0.497045533541884,123.934087647392,8.66666666666667,"2",31.1,2018,2.5,0.0019438103314726
"580","35","full removal","right","RHOV","green",1.34,0,0.497045533541884,6.41731874711726,8.66666666666667,"2",31.1,2018,2.5,-0.00159099074458525
"581","35","full removal","right","RHOV","blue",1.73,0,0.497045533541884,5.07769756293432,8.66666666666667,"2",31.1,2018,2.5,-0.00667606406920121
"582","35","full removal","right","SAAP","green",3.57,0,0.497045533541884,0.323192915034377,8.66666666666667,"2",31.1,2018,2.5,-0.00541939781487233
"583","35","full removal","right","SAAP","blue",2.57,0,0.497045533541884,4.36474662052375,8.66666666666667,"2",31.1,2018,2.5,-0.00105749366736982
"584","35","full removal","left","CEOL","green",2.46,0,0.497045533541884,2.3304742711374,8.66666666666667,"2",31.1,2018,2.5,NA
"585","35","full removal","left","CEOL","blue",1.45,0,0.497045533541884,6.96415693077171,8.66666666666667,"2",31.1,2018,2.5,0.00435504488737554
"586","35","full removal","left","HEAR","S",7.16,1,0.497045533541884,163.733894533331,8.66666666666667,"2",31.1,2018,2.5,-0.00103720097169846
"587","35","full removal","left","HEAR","C",5.49,1,0.497045533541884,140.030608330725,8.66666666666667,"2",31.1,2018,2.5,-0.00188468321420572
"588","35","full removal","left","HEAR","R",3.03,1,0.497045533541884,28.2924483055487,8.66666666666667,"2",31.1,2018,2.5,-0.00186638427363866
"589","35","full removal","left","RHOV","green",0.57,0,0.497045533541884,1.29584570854904,8.66666666666667,"2",31.1,2018,2.5,0.00921796955835654
"590","35","full removal","left","RHOV","blue",1.96,0,0.497045533541884,3.48987799274717,8.66666666666667,"2",31.1,2018,2.5,0.00560179564521734
"591","35","full removal","left","SAAP","green",2.13,0,0.497045533541884,1.72341961029527,8.66666666666667,"2",31.1,2018,2.5,0.00334237743818491
"592","35","full removal","left","SAAP","blue",1.83,0,0.497045533541884,0.13127144903025,8.66666666666667,"2",31.1,2018,2.5,-0.00690870658701123
"593","36","none","right","CEOL","green",1.41,0,0.119949890385218,0.978065757656803,6.93333333333333,"2",47.6,2018,6,NA
"594","36","none","right","CEOL","blue",0.45,0,0.119949890385218,0.248107279817254,6.93333333333333,"2",47.6,2018,6,NA
"595","36","none","right","HEAR","S",11.8,1,0.119949890385218,347.019696196998,6.93333333333333,"2",47.6,2018,6,0.00175459610506649
"596","36","none","right","HEAR","C",10.34,0,0.119949890385218,274.909960800927,6.93333333333333,"2",47.6,2018,6,-0.000724751865662313
"597","36","none","right","HEAR","R",4.4,1,0.119949890385218,37.0933499476123,6.93333333333333,"2",47.6,2018,6,5.67215521951307e-05
"598","36","none","right","RHOV","blue",2.02,0,0.119949890385218,2.41952480929851,6.93333333333333,"2",47.6,2018,6,NA
"599","36","none","right","SAAP","blue",2.37,0,0.119949890385218,1.41962288830416,6.93333333333333,"2",47.6,2018,6,NA
"600","36","none","left","CEOL","green",2.4,0,0.119949890385218,3.37784042113974,6.93333333333333,"2",47.6,2018,6,NA
"601","36","none","left","HEAR","S",0.83,0,0.119949890385218,17.0375481108012,6.93333333333333,"2",47.6,2018,6,0.0216364515601604
"602","36","none","left","HEAR","C",4.83,0,0.119949890385218,127.808685076498,6.93333333333333,"2",47.6,2018,6,NA
"603","36","none","left","HEAR","R",9.32,1,0.119949890385218,524.479422662163,6.93333333333333,"2",47.6,2018,6,-0.000456848267536958
"604","36","none","left","RHOV","green",2,0,0.119949890385218,7.71742707329845,6.93333333333333,"2",47.6,2018,6,NA
"605","36","none","left","RHOV","blue",1.25,0,0.119949890385218,2.73711259944011,6.93333333333333,"2",47.6,2018,6,NA
"606","36","none","left","SAAP","green",1.26,0,0.119949890385218,1.69815649297143,6.93333333333333,"2",47.6,2018,6,NA
