SYS,SYS,SYS,SYS,SYS,USERDEF,USERDEF,USERDEF,USERDEF,PORO,PORO,PORO,PORO,PORO,PORO,PORO,PORO,PORO,PORO,PORO,PORO,FLUORO,FLUORO,FLUORO,FLUORO,FLUORO,FLUORO,FLUORO,FLUORO,FLUORO,FLUORO,SENSOR,SENSOR,SENSOR,SENSOR,SENSOR,SENSOR,SENSOR,SENSOR,SENSOR,SENSOR,MATCH,MATCH,MATCH,STABILITY,STABILITY,STABILITY,STABILITY,STABILITY,STABILITY,P_CONFIG,P_CONFIG,P_CONFIG,P_CONFIG,FL_CONFIG,FL_CONFIG,FL_CONFIG,FL_CONFIG,FL_CONFIG,FL_CONFIG,FL_CONFIG,FL_CONFIG,FL_CONFIG,FL_CONFIG,FL_CONFIG,FL_CONFIG,FL_CONFIG,FL_CONFIG,FL_CONFIG,SENSOR_V,SENSOR_V,SENSOR_V,SENSOR_V,SENSOR_V,SENSOR_V,SENSOR_V,SENSOR_V,SENSOR_V,SENSOR_V,USERCAL,USERCAL,USERCAL,USERCAL,USERCAL,USERCAL,USERCAL,USERCAL,USERCAL,USERCAL,META,META,META,META,META,META,META
Obs#,Time,Date,configName,configAuthor,remark,species,id,Leaf #,gsw,gbw,gtw,E_apparent,VPcham,VPref,VPleaf,VPDleaf,H2O_r,H2O_s,H2O_leaf,leaf_area,flashID,Fo,Fm,Fv/Fm,Fs,Fm',PhiPS2,PS2/1,abs,ETR,rh_s,rh_r,Tref,Tleaf,P_atm,flow,flow_s,leak_pct,Qamb,batt,match_time,match_date,rh_adj,gsw1sec,gsw2sec,gsw4sec,flr1sec,flr2sec,flr4sec,auto,flow_set,gsw_limit,gsw_period,dark,flash_type,flash_intensity,modrate,flr_limit,flr_period,P1_dur,P2_dur,P3_dur,P1_Fmax,P2_ramp,P2_slp,P3_Fmax,P3_Pred,P3_DeltaF,v_humA,v_humB,v_flowIn,v_flowOut,v_temp,v_irt,v_pres,v_par,v_F,i_LED,b_rhr,m_rhr,span_rhr,b_rhs,m_rhs,span_rhs,z_flowIn,z_flowOut,z_quantum,z_flr,flashId,lciSerNum,lcpSerNum,lcfSerNum,lcrhSerNum,version,configUpdatedAt
,HHMMSS,YYYYMMDD,,,,,,,mol+1m-2s-1,mol+1m-2s-1,mol+1m-2s-1,mmol+1m-2s-1,kPa,kPa,kPa,kPa,mmol+1mol-1,mmol+1mol-1,mmol+1mol-1,cm+2,,,,,,,,,,umol+1m-2s-1,%,%,C,C,kPa,umol+1sec-1,umol+1sec-1,%,umol+1m-2s-1,V,HHMMSS,YYYYMMDD,%,,,,,,,,umol+1sec-1,(umol+1m-2s-1)s-1,s,,,umol+1m-2s-1,Hz,s-1,s,ms,ms,ms,,%,,,,,V,V,V,V,V,V,V,V,V,A,,,,,,,,,,,,,,,,,
1,13:31:49,2023-02-16,gsw light adap,Shane,,rhov,001,001,0.255819,2.916266,0.235188,2.834267,1.417478,1.336477,2.626590,1.209112,13.057331,13.848713,25.661699,0.441786,PSF-00338_20230216133149,0.000000,0.000000,0.000000,78.623772,278.325623,0.717512,0.5,0.80,111.943726,58.95,55.59,20.39,21.83,102.35,156.0,153.4,1.7,390,3.614,13:31:34,2023-02-16,7.76,-0.007,0.000,-9999.000,-0.021,-0.109,-9999.000,1,150,0.005,2.000000,0,mpf,10000,500,5.000000,2.000000,300,300,300,265.645630,25,-12.567083,262.379761,265.742249,-3.362488,2.506297,2.505323,1.650293,0.826945,0.327969,0.017407,0.063508,0.459447,78.623772,0.000367,2.416988,-0.000071,1.000000,2.422773,-0.000075,1.000000,0.602665,0.600994,0.107103,0.000000,PSF-00338_20230216133149,PFA-00366,PSA-00383,PSF-00338,RHS-00157,2.0.0,2022-03-31T18:26:44.181Z
2,13:32:05,2023-02-16,gsw light adap,Shane,,rhov,001,002,0.271281,2.913369,0.248173,2.722991,1.486687,1.408746,2.587333,1.100645,13.764075,14.525594,25.279388,0.441786,PSF-00338_20230216133205,0.000000,0.000000,0.000000,89.701294,308.445709,0.709183,0.5,0.80,129.801971,61.51,58.28,20.48,21.59,102.35,155.7,141.8,8.9,458,3.615,13:31:34,2023-02-16,7.76,0.002,0.003,-9999.000,0.092,0.135,-9999.000,1,150,0.005,2.000000,0,mpf,10000,500,5.000000,2.000000,300,300,300,301.431641,25,-6.519430,301.170959,301.917847,-0.746887,2.509965,2.508819,1.647276,0.806424,0.326851,0.013774,0.065693,0.520454,89.701294,0.000370,2.416988,-0.000071,1.000000,2.422773,-0.000075,1.000000,0.602665,0.600994,0.107103,0.000000,PSF-00338_20230216133205,PFA-00366,PSA-00383,PSF-00338,RHS-00157,2.0.0,2022-03-31T18:26:44.181Z
3,13:32:24,2023-02-16,gsw light adap,Shane,,rhov,001,003,0.288145,2.913705,0.262214,2.440015,1.538810,1.469031,2.472452,0.933642,14.354623,15.036471,24.159546,0.441786,PSF-00338_20230216133224,0.000000,0.000000,0.000000,101.231575,307.375092,0.670658,0.5,0.80,94.638687,63.29,60.42,20.57,20.85,102.34,155.7,144.0,7.6,353,3.614,13:31:34,2023-02-16,7.76,-0.004,-0.001,-0.009,0.630,1.112,1.790,1,150,0.005,2.000000,0,mpf,10000,500,5.000000,2.000000,300,300,300,305.055847,25,-1.838814,302.908295,305.533905,-2.625610,2.512842,2.511228,1.647624,0.810243,0.325595,0.004652,0.068123,0.425789,101.231575,0.000368,2.416988,-0.000071,1.000000,2.422773,-0.000075,1.000000,0.602665,0.600994,0.107103,0.000000,PSF-00338_20230216133224,PFA-00366,PSA-00383,PSF-00338,RHS-00157,2.0.0,2022-03-31T18:26:44.181Z
4,13:32:52,2023-02-16,gsw light adap,Shane,,rhov,001,004,0.286782,2.916644,0.261108,2.551188,1.584168,1.511405,2.563880,0.979713,14.767711,15.478663,25.051289,0.441786,PSF-00338_20230216133252,0.000000,0.000000,0.000000,79.030396,302.149414,0.738439,0.5,0.80,117.406876,64.53,61.57,20.73,21.44,102.35,156.1,134.7,13.7,397,3.613,13:31:34,2023-02-16,7.76,-0.004,0.004,-0.009,-0.035,0.115,-0.042,1,150,0.005,2.000000,0,mpf,10000,500,5.000000,2.000000,300,300,300,302.149414,25,3.844792,305.805084,305.999176,-0.194092,2.514348,2.512870,1.650688,0.794302,0.323557,0.009391,0.071828,0.466169,79.030396,0.000364,2.416988,-0.000071,1.000000,2.422773,-0.000075,1.000000,0.602665,0.600994,0.107103,0.000000,PSF-00338_20230216133252,PFA-00366,PSA-00383,PSF-00338,RHS-00157,2.0.0,2022-03-31T18:26:44.181Z
5,13:33:09,2023-02-16,gsw light adap,Shane,,rhov,001,005,0.254586,2.913753,0.234129,2.549859,1.615264,1.542396,2.706368,1.091104,15.070333,15.782310,26.443197,0.441786,PSF-00338_20230216133309,0.000000,0.000000,0.000000,115.558151,289.127777,0.600322,0.5,0.80,96.784622,65.37,62.42,20.84,22.32,102.35,155.7,144.0,7.5,403,3.562,13:31:34,2023-02-16,7.76,0.001,0.002,-0.016,0.631,0.191,5.753,1,150,0.005,2.000000,0,mpf,10000,500,5.000000,2.000000,300,300,300,284.435760,25,-5.367850,280.072327,283.752960,-3.680634,2.515468,2.513975,1.647674,0.810399,0.322179,0.017963,0.073987,0.471201,115.558151,0.000374,2.416988,-0.000071,1.000000,2.422773,-0.000075,1.000000,0.602665,0.600994,0.107103,0.000000,PSF-00338_20230216133309,PFA-00366,PSA-00383,PSF-00338,RHS-00157,2.0.0,2022-03-31T18:26:44.181Z
6,13:33:24,2023-02-16,gsw light adap,Shane,,rhov,001,006,0.298781,2.916119,0.271013,2.827656,1.637916,1.557277,2.683223,1.045307,15.215693,16.003593,26.216982,0.441786,PSF-00338_20230216133324,0.000000,0.000000,0.000000,84.377289,288.841919,0.707877,0.5,0.80,98.572350,65.87,62.63,20.94,22.18,102.35,156.0,154.5,1.0,348,3.613,13:31:34,2023-02-16,7.76,0.004,-0.002,-0.019,-0.112,-0.028,-0.170,1,150,0.005,2.000000,0,mpf,10000,500,5.000000,2.000000,300,300,300,282.158020,25,-6.341121,281.709564,282.492584,-0.783020,2.515717,2.514624,1.650140,0.828897,0.320862,0.015288,0.075933,0.421583,84.377289,0.000371,2.416988,-0.000071,1.000000,2.422773,-0.000075,1.000000,0.602665,0.600994,0.107103,0.000000,PSF-00338_20230216133324,PFA-00366,PSA-00383,PSF-00338,RHS-00157,2.0.0,2022-03-31T18:26:44.181Z
7,13:33:43,2023-02-16,gsw light adap,Shane,,rhov,001,007,0.450387,2.914010,0.390094,3.973092,1.585460,1.471904,2.606555,1.021095,14.380905,15.490386,25.466768,0.441786,PSF-00338_20230216133343,0.000000,0.000000,0.000000,80.212715,310.188171,0.741406,0.5,0.80,104.151657,63.26,58.73,21.07,21.71,102.35,155.8,148.5,4.7,351,3.613,13:31:34,2023-02-16,7.76,0.011,0.003,-0.036,-0.291,-0.116,-0.939,1,150,0.005,2.000000,0,mpf,10000,500,5.000000,2.000000,300,300,300,310.188171,25,3.896799,314.378510,314.090027,0.288483,2.510381,2.511026,1.647941,0.818170,0.319200,0.008650,0.078406,0.424356,80.212715,0.000366,2.416988,-0.000071,1.000000,2.422773,-0.000075,1.000000,0.602665,0.600994,0.107103,0.000000,PSF-00338_20230216133343,PFA-00366,PSA-00383,PSF-00338,RHS-00157,2.0.0,2022-03-31T18:26:44.181Z
8,13:33:55,2023-02-16,gsw light adap,Shane,,rhov,001,008,0.415575,2.916194,0.363740,3.402708,1.623572,1.526514,2.561532,0.937961,14.913482,15.861697,25.025230,0.441786,PSF-00338_20230216133355,0.000000,0.000000,0.000000,77.498314,283.865936,0.726990,0.5,0.80,101.746758,64.45,60.60,21.15,21.42,102.36,156.0,144.4,7.4,350,3.613,13:31:34,2023-02-16,7.76,0.005,-0.001,-0.041,0.014,-0.137,-0.287,1,150,0.005,2.000000,0,mpf,10000,500,5.000000,2.000000,300,300,300,282.406921,25,-1.088429,282.873627,282.776093,0.097534,2.512903,2.512630,1.650218,0.811085,0.318153,0.004640,0.079867,0.423176,77.498314,0.000376,2.416988,-0.000071,1.000000,2.422773,-0.000075,1.000000,0.602665,0.600994,0.107103,0.000000,PSF-00338_20230216133355,PFA-00366,PSA-00383,PSF-00338,RHS-00157,2.0.0,2022-03-31T18:26:44.181Z
9,13:34:12,2023-02-16,gsw light adap,Shane,,rhov,001,009,0.255089,2.916314,0.234571,2.530910,1.662071,1.589913,2.742735,1.080664,15.532410,16.237350,26.794725,0.441786,PSF-00338_20230216133412,0.000000,0.000000,0.000000,81.319931,243.417145,0.665924,0.5,0.80,107.422874,65.50,62.65,21.27,22.54,102.36,156.0,154.8,0.8,403,3.612,13:31:34,2023-02-16,7.76,0.005,-0.004,-0.022,0.366,0.756,1.967,1,150,0.005,2.000000,0,mpf,10000,500,5.000000,2.000000,300,300,300,242.311478,25,-1.160867,240.662460,242.254776,-1.592316,2.515645,2.514009,1.650344,0.829460,0.316621,0.015631,0.081989,0.471410,81.319931,0.000375,2.416988,-0.000071,1.000000,2.422773,-0.000075,1.000000,0.602665,0.600994,0.107103,0.000000,PSF-00338_20230216133412,PFA-00366,PSA-00383,PSF-00338,RHS-00157,2.0.0,2022-03-31T18:26:44.181Z
10,13:34:41,2023-02-16,gsw light adap,Shane,,rhov,001,010,0.330743,2.915136,0.297042,2.882613,1.702665,1.620433,2.674816,0.972151,15.829952,16.633274,26.130184,0.441786,PSF-00338_20230216133441,0.000000,0.000000,0.000000,79.449173,287.439453,0.723597,0.5,0.80,123.121422,66.22,63.02,21.48,22.13,102.36,155.9,148.0,5.1,425,3.612,13:31:34,2023-02-16,7.76,0.004,0.001,-0.014,-0.091,-0.009,-0.190,1,150,0.005,2.000000,0,mpf,10000,500,5.000000,2.000000,300,300,300,286.705261,25,-0.286038,287.977325,287.153046,0.824280,2.516078,2.514924,1.649113,0.817304,0.313914,0.008734,0.085664,0.491370,79.449173,0.000374,2.416988,-0.000071,1.000000,2.422773,-0.000075,1.000000,0.602665,0.600994,0.107103,0.000000,PSF-00338_20230216133441,PFA-00366,PSA-00383,PSF-00338,RHS-00157,2.0.0,2022-03-31T18:26:44.181Z
11,13:34:55,2023-02-16,gsw light adap,Shane,,rhov,001,011,0.232326,2.914886,0.215176,2.289525,1.696658,1.631341,2.761908,1.065250,15.939709,16.577911,26.986382,0.441786,PSF-00338_20230216133455,0.000000,0.000000,0.000000,77.335236,255.653305,0.697500,0.5,0.80,95.340668,65.56,63.04,21.59,22.66,102.34,155.9,154.0,1.2,342,3.611,13:31:34,2023-02-16,7.76,-0.006,-0.002,-0.000,-0.182,-0.298,-0.825,1,150,0.005,2.000000,0,mpf,10000,500,5.000000,2.000000,300,300,300,252.567886,25,-2.737789,252.653000,252.911972,-0.258972,2.516063,2.513995,1.648853,0.828038,0.312582,0.013379,0.087355,0.415798,77.335236,0.000371,2.416988,-0.000071,1.000000,2.422773,-0.000075,1.000000,0.602665,0.600994,0.107103,0.000000,PSF-00338_20230216133455,PFA-00366,PSA-00383,PSF-00338,RHS-00157,2.0.0,2022-03-31T18:26:44.181Z
12,13:35:52,2023-02-16,gsw light adap,Shane,,rhov,001,012,0.458339,2.917205,0.396104,4.251887,1.543229,1.421956,2.619562,1.076333,13.892771,15.077624,25.593596,0.441786,PSF-00338_20230216133552,0.000000,0.000000,0.000000,93.487503,288.133911,0.675541,0.5,0.80,98.747429,58.09,53.53,22.02,21.79,102.35,156.1,154.8,0.9,365,3.611,13:31:34,2023-02-16,7.76,-0.003,-0.002,0.027,1.545,4.122,3.689,1,150,0.005,2.000000,0,mpf,10000,500,5.000000,2.000000,300,300,300,287.132263,25,0.572075,287.505981,288.706726,-1.200745,2.502965,2.503638,1.651276,0.829431,0.307257,-0.000894,0.094568,0.437221,93.487503,0.000380,2.416988,-0.000071,1.000000,2.422773,-0.000075,1.000000,0.602665,0.600994,0.107103,0.000000,PSF-00338_20230216133552,PFA-00366,PSA-00383,PSF-00338,RHS-00157,2.0.0,2022-03-31T18:26:44.181Z
13,13:36:05,2023-02-16,gsw light adap,Shane,,rhov,001,013,0.220805,2.915617,0.205260,2.315524,1.560778,1.494661,2.691454,1.130677,14.602685,15.248636,26.295225,0.441786,PSF-00338_20230216133605,0.000000,0.000000,0.000000,83.147408,303.455719,0.725998,0.5,0.80,77.187508,58.42,55.95,22.11,22.23,102.36,156.0,154.0,1.2,266,3.610,13:31:34,2023-02-16,7.76,0.003,-0.002,0.031,0.143,0.363,-0.653,1,150,0.005,2.000000,0,mpf,10000,500,5.000000,2.000000,300,300,300,301.773560,25,-1.634501,301.141968,301.819092,-0.677124,2.506264,2.504069,1.649615,0.828058,0.306126,0.002958,0.096033,0.347211,83.147408,0.000380,2.416988,-0.000071,1.000000,2.422773,-0.000075,1.000000,0.602665,0.600994,0.107103,0.000000,PSF-00338_20230216133605,PFA-00366,PSA-00383,PSF-00338,RHS-00157,2.0.0,2022-03-31T18:26:44.181Z
1,13:38:28,2023-02-16,gsw light adap,Shane,,rhov,002,001,0.273068,2.916648,0.249691,2.760688,1.647844,1.569147,2.755209,1.107365,15.330059,16.098907,26.917509,0.441786,PSF-00338_20230216133828,0.000000,0.000000,0.000000,73.374153,264.480835,0.722573,0.5,0.80,126.595619,58.98,56.16,22.85,22.62,102.36,156.1,154.0,1.3,438,3.611,13:37:46,2023-02-16,7.24,0.002,0.001,-0.000,0.101,1.065,2.182,1,150,0.005,2.000000,0,mpf,10000,500,5.000000,2.000000,300,300,300,264.480835,25,20.572424,276.931274,285.079926,-8.148651,2.506330,2.505334,1.650692,0.828019,0.297215,-0.000955,0.192314,0.502773,73.374153,0.000371,2.416988,-0.000071,1.000000,2.422773,-0.000075,1.000000,0.602665,0.600994,0.107103,0.000000,PSF-00338_20230216133828,PFA-00366,PSA-00383,PSF-00338,RHS-00157,2.0.0,2022-03-31T18:26:44.181Z
2,13:38:55,2023-02-16,gsw light adap,Shane,,rhov,002,002,0.183172,2.913380,0.172336,1.899140,1.694579,1.640332,2.797719,1.103140,16.026690,16.556707,27.334826,0.441786,PSF-00338_20230216133855,0.000000,0.000000,0.000000,75.992348,263.664734,0.711784,0.5,0.80,111.984451,60.01,58.09,23.02,22.87,102.35,155.7,143.0,8.1,393,3.611,13:37:46,2023-02-16,7.24,0.006,-0.000,0.019,0.193,0.087,0.374,1,150,0.005,2.000000,0,mpf,10000,500,5.000000,2.000000,300,300,300,263.664734,25,3.551325,264.866699,267.220673,-2.353973,2.508904,2.506696,1.647287,0.808564,0.295132,-0.000119,0.195324,0.462411,75.992348,0.000378,2.416988,-0.000071,1.000000,2.422773,-0.000075,1.000000,0.602665,0.600994,0.107103,0.000000,PSF-00338_20230216133855,PFA-00366,PSA-00383,PSF-00338,RHS-00157,2.0.0,2022-03-31T18:26:44.181Z
3,13:39:09,2023-02-16,gsw light adap,Shane,,rhov,002,003,0.304022,2.914595,0.275305,3.737931,1.779110,1.672526,3.135444,1.356334,16.340683,17.382011,30.633480,0.441786,PSF-00338_20230216133909,0.000000,0.000000,0.000000,69.584015,258.569550,0.730889,0.5,0.80,112.449745,62.66,58.91,23.11,24.77,102.35,155.8,154.6,0.8,385,3.611,13:37:46,2023-02-16,7.24,0.008,-0.005,0.036,0.074,0.095,-0.330,1,150,0.005,2.000000,0,mpf,10000,500,5.000000,2.000000,300,300,300,254.354233,25,-3.766782,255.360245,254.797882,0.562363,2.509990,2.510289,1.648550,0.829084,0.294072,0.020024,0.196730,0.454561,69.584015,0.000368,2.416988,-0.000071,1.000000,2.422773,-0.000075,1.000000,0.602665,0.600994,0.107103,0.000000,PSF-00338_20230216133909,PFA-00366,PSA-00383,PSF-00338,RHS-00157,2.0.0,2022-03-31T18:26:44.181Z
4,13:39:27,2023-02-16,gsw light adap,Shane,,rhov,002,004,0.265208,2.914544,0.243088,2.981667,1.776630,1.691608,3.002721,1.226090,16.527683,17.358381,29.337769,0.441786,PSF-00338_20230216133927,0.000000,0.000000,0.000000,102.679611,318.565613,0.677681,0.5,0.80,87.404205,62.14,59.16,23.23,24.04,102.35,155.8,152.1,2.4,322,3.609,13:37:46,2023-02-16,7.24,-0.007,-0.005,-0.004,1.575,3.642,6.003,1,150,0.005,2.000000,0,mpf,10000,500,5.000000,2.000000,300,300,300,307.596802,25,-10.750559,304.445038,307.801117,-3.356079,2.510302,2.509540,1.648497,0.824570,0.292712,0.010618,0.198534,0.398377,102.679611,0.000377,2.416988,-0.000071,1.000000,2.422773,-0.000075,1.000000,0.602665,0.600994,0.107103,0.000000,PSF-00338_20230216133927,PFA-00366,PSA-00383,PSF-00338,RHS-00157,2.0.0,2022-03-31T18:26:44.181Z
5,13:39:41,2023-02-16,gsw light adap,Shane,,rhov,002,005,0.265951,2.915460,0.243719,3.031746,1.808146,1.721792,3.051002,1.242856,16.823990,17.667768,29.811972,0.441786,PSF-00338_20230216133941,0.000000,0.000000,0.000000,87.767242,304.022552,0.711313,0.5,0.80,74.180817,62.92,59.92,23.31,24.31,102.34,155.9,154.1,1.2,261,3.610,13:37:46,2023-02-16,7.24,0.002,0.003,-0.013,-1.161,-3.079,-11.748,1,150,0.005,2.000000,0,mpf,10000,500,5.000000,2.000000,300,300,300,300.201782,25,-4.112256,297.506348,299.904968,-2.398621,2.511299,2.510582,1.649451,0.828243,0.291738,0.012667,0.199832,0.342622,87.767242,0.000376,2.416988,-0.000071,1.000000,2.422773,-0.000075,1.000000,0.602665,0.600994,0.107103,0.000000,PSF-00338_20230216133941,PFA-00366,PSA-00383,PSF-00338,RHS-00157,2.0.0,2022-03-31T18:26:44.181Z
6,13:40:41,2023-02-16,gsw light adap,Shane,,rhov,002,006,0.279129,2.916481,0.254748,3.119380,1.619055,1.530114,2.844828,1.225773,14.951830,15.820931,27.798826,0.441786,PSF-00338_20230216134041,0.000000,0.000000,0.000000,66.756248,249.442932,0.732379,0.5,0.80,124.917686,55.17,52.14,23.66,23.15,102.34,156.1,154.1,1.2,426,3.609,13:37:46,2023-02-16,7.24,0.017,0.001,-0.011,0.006,-0.038,0.226,1,150,0.005,2.000000,0,mpf,10000,500,5.000000,2.000000,300,300,300,249.442932,25,1.177584,251.412033,250.622040,0.789993,2.500560,2.499831,1.650518,0.828254,0.287699,-0.004161,0.205930,0.492301,66.756248,0.000374,2.416988,-0.000071,1.000000,2.422773,-0.000075,1.000000,0.602665,0.600994,0.107103,0.000000,PSF-00338_20230216134041,PFA-00366,PSA-00383,PSF-00338,RHS-00157,2.0.0,2022-03-31T18:26:44.181Z
7,13:40:56,2023-02-16,gsw light adap,Shane,,rhov,002,007,0.165879,2.915042,0.156948,1.725582,1.646571,1.597327,2.747584,1.101014,15.608351,16.089535,26.848135,0.441786,PSF-00338_20230216134056,0.000000,0.000000,0.000000,91.525558,292.328949,0.686909,0.5,0.80,94.133987,55.84,54.17,23.74,22.57,102.34,155.9,154.9,0.6,343,3.609,13:37:46,2023-02-16,7.24,0.003,0.005,0.034,-0.038,-0.144,-5.516,1,150,0.005,2.000000,0,mpf,10000,500,5.000000,2.000000,300,300,300,292.328949,25,1.994834,292.187683,294.326355,-2.138672,2.503330,2.500738,1.649015,0.829577,0.286790,-0.011366,0.207261,0.416590,91.525558,0.000383,2.416988,-0.000071,1.000000,2.422773,-0.000075,1.000000,0.602665,0.600994,0.107103,0.000000,PSF-00338_20230216134056,PFA-00366,PSA-00383,PSF-00338,RHS-00157,2.0.0,2022-03-31T18:26:44.181Z
8,13:41:59,2023-02-16,gsw light adap,Shane,,rhov,002,008,0.324884,2.915932,0.292316,3.680456,1.565423,1.460381,2.826295,1.260872,14.270035,15.296450,27.616993,0.441786,PSF-00338_20230216134159,0.000000,0.000000,0.000000,70.159439,262.600769,0.732828,0.5,0.80,115.202614,52.11,48.62,24.05,23.04,102.34,156.0,154.6,0.9,393,3.608,13:37:46,2023-02-16,7.24,0.009,-0.001,0.019,-0.036,-0.028,-0.337,1,150,0.005,2.000000,0,mpf,10000,500,5.000000,2.000000,300,300,300,262.600769,25,1.656790,265.409576,264.259705,1.149872,2.495565,2.495455,1.649944,0.829107,0.283278,-0.009675,0.213421,0.462125,70.159439,0.000382,2.416988,-0.000071,1.000000,2.422773,-0.000075,1.000000,0.602665,0.600994,0.107103,0.000000,PSF-00338_20230216134159,PFA-00366,PSA-00383,PSF-00338,RHS-00157,2.0.0,2022-03-31T18:26:44.181Z
9,13:42:52,2023-02-16,gsw light adap,Shane,,rhov,002,009,0.278517,2.916130,0.254236,3.086051,1.639133,1.551135,2.854091,1.214958,15.157055,16.016937,27.889008,0.441786,PSF-00338_20230216134252,0.000000,0.000000,0.000000,73.637009,246.713715,0.701528,0.5,0.80,120.002686,53.82,50.93,24.28,23.20,102.34,156.0,154.5,0.9,428,3.608,13:37:46,2023-02-16,7.24,0.001,0.004,0.019,0.083,0.243,0.252,1,150,0.005,2.000000,0,mpf,10000,500,5.000000,2.000000,300,300,300,244.586349,25,-1.695795,245.360260,245.015717,0.344543,2.498702,2.497770,1.650150,0.828973,0.280674,-0.010471,0.218439,0.493418,73.637009,0.000377,2.416988,-0.000071,1.000000,2.422773,-0.000075,1.000000,0.602665,0.600994,0.107103,0.000000,PSF-00338_20230216134252,PFA-00366,PSA-00383,PSF-00338,RHS-00157,2.0.0,2022-03-31T18:26:44.181Z
10,13:44:50,2023-02-16,gsw light adap,Shane,,rhov,002,010,0.361808,2.918068,0.321896,4.133398,1.631503,1.513806,2.916448,1.284945,14.791711,15.941754,28.497213,0.441786,PSF-00338_20230216134450,0.000000,0.000000,0.000000,87.149620,117.040161,0.255387,0.5,0.80,44.183014,51.98,48.23,24.78,23.56,102.34,156.3,154.2,1.3,433,3.607,13:37:46,2023-02-16,7.24,0.010,0.003,0.031,0.030,-0.259,-0.629,1,150,0.005,2.000000,0,mpf,10000,500,5.000000,2.000000,300,300,300,117.040161,25,-0.321016,0.297904,116.718727,-116.420822,2.494813,2.495060,1.652180,0.828415,0.275095,-0.012145,0.229435,0.497811,87.149620,0.000381,2.416988,-0.000071,1.000000,2.422773,-0.000075,1.000000,0.602665,0.600994,0.107103,0.000000,PSF-00338_20230216134450,PFA-00366,PSA-00383,PSF-00338,RHS-00157,2.0.0,2022-03-31T18:26:44.181Z
1,13:45:39,2023-02-16,gsw light adap,Shane,,rhov,003,001,0.262076,2.914404,0.240454,2.846706,1.731658,1.650447,2.915743,1.184085,16.127058,16.920597,28.490679,0.441786,PSF-00338_20230216134539,0.000000,0.000000,0.000000,134.387970,355.005829,0.621449,0.5,0.80,109.169518,54.56,52.00,24.97,23.55,102.34,155.8,126.4,18.9,439,3.600,13:45:16,2023-02-16,7.65,-0.003,-0.001,0.006,-0.055,-0.402,-0.571,1,150,0.005,2.000000,0,mpf,10000,500,5.000000,2.000000,300,300,300,340.361938,25,-15.089416,334.740753,339.896851,-5.156097,2.499977,2.498039,1.648351,0.780279,0.273054,-0.014287,0.327721,0.503830,134.387970,0.000367,2.416988,-0.000071,1.000000,2.422773,-0.000075,1.000000,0.602665,0.600994,0.107103,0.000000,PSF-00338_20230216134539,PFA-00366,PSA-00383,PSF-00338,RHS-00157,2.0.0,2022-03-31T18:26:44.181Z
2,13:46:33,2023-02-16,gsw light adap,Shane,,rhov,003,002,0.402179,2.917817,0.353459,3.919466,1.871460,1.760098,2.979424,1.107965,17.198151,18.286287,29.112362,0.441786,PSF-00338_20230216134633,0.000000,0.000000,0.000000,133.074051,345.959656,0.615348,0.5,0.80,120.442673,58.32,54.85,25.16,23.91,102.34,156.2,152.0,2.7,489,3.607,13:45:16,2023-02-16,7.65,0.005,0.003,-0.000,-0.168,0.185,0.093,1,150,0.005,2.000000,0,mpf,10000,500,5.000000,2.000000,300,300,300,344.421387,25,-1.419044,343.868134,344.538788,-0.670654,2.503825,2.503173,1.651917,0.824492,0.271046,-0.012389,0.330593,0.549137,133.074051,0.000371,2.416988,-0.000071,1.000000,2.422773,-0.000075,1.000000,0.602665,0.600994,0.107103,0.000000,PSF-00338_20230216134633,PFA-00366,PSA-00383,PSF-00338,RHS-00157,2.0.0,2022-03-31T18:26:44.181Z
3,13:47:24,2023-02-16,gsw light adap,Shane,,rhov,003,003,0.253163,2.916430,0.232942,2.908951,1.850976,1.768214,3.098163,1.247187,17.276747,18.085388,30.271318,0.441786,PSF-00338_20230216134724,0.000000,0.000000,0.000000,86.347458,218.512268,0.604839,0.5,0.80,124.044968,57.11,54.56,25.32,24.57,102.35,156.1,152.6,2.2,513,3.606,13:45:16,2023-02-16,7.65,-0.000,0.002,0.007,0.184,0.114,0.512,1,150,0.005,2.000000,0,mpf,10000,500,5.000000,2.000000,300,300,300,214.525574,25,-3.670198,213.512070,214.837311,-1.325241,2.503383,2.501470,1.650465,0.825603,0.269264,-0.006989,0.333543,0.570267,86.347458,0.000373,2.416988,-0.000071,1.000000,2.422773,-0.000075,1.000000,0.602665,0.600994,0.107103,0.000000,PSF-00338_20230216134724,PFA-00366,PSA-00383,PSF-00338,RHS-00157,2.0.0,2022-03-31T18:26:44.181Z
4,13:47:56,2023-02-16,gsw light adap,Shane,,rhov,003,004,0.285901,2.915357,0.260367,3.189771,1.931664,1.840903,3.154453,1.222789,17.985643,18.872385,30.819054,0.441786,PSF-00338_20230216134756,0.000000,0.000000,0.000000,95.528122,247.772491,0.614452,0.5,0.80,122.558716,59.22,56.43,25.43,24.87,102.35,155.9,151.5,2.8,499,3.606,13:45:16,2023-02-16,7.65,0.005,0.004,-9999.000,0.799,0.030,-9999.000,1,150,0.005,2.000000,0,mpf,10000,500,5.000000,2.000000,300,300,300,246.176010,25,-1.168297,247.010345,246.602676,0.407669,2.505909,2.504326,1.649344,0.823551,0.268096,-0.004846,0.335507,0.557558,95.528122,0.000379,2.416988,-0.000071,1.000000,2.422773,-0.000075,1.000000,0.602665,0.600994,0.107103,0.000000,PSF-00338_20230216134756,PFA-00366,PSA-00383,PSF-00338,RHS-00157,2.0.0,2022-03-31T18:26:44.181Z
5,13:48:12,2023-02-16,gsw light adap,Shane,,rhov,003,005,0.254544,2.917530,0.234118,2.749134,1.943023,1.864940,3.115242,1.172219,18.220133,18.982988,30.435364,0.441786,PSF-00338_20230216134812,0.000000,0.000000,0.000000,92.582344,312.611145,0.703842,0.5,0.80,74.803108,59.37,56.98,25.48,24.66,102.36,156.2,150.2,3.8,266,3.606,13:45:16,2023-02-16,7.65,-0.000,-0.002,-9999.000,0.644,0.276,-9999.000,1,150,0.005,2.000000,0,mpf,10000,500,5.000000,2.000000,300,300,300,303.941132,25,-8.343385,301.493530,304.256958,-2.763428,2.506641,2.504519,1.651616,0.821303,0.267507,-0.007816,0.336442,0.347119,92.582344,0.000382,2.416988,-0.000071,1.000000,2.422773,-0.000075,1.000000,0.602665,0.600994,0.107103,0.000000,PSF-00338_20230216134812,PFA-00366,PSA-00383,PSF-00338,RHS-00157,2.0.0,2022-03-31T18:26:44.181Z
6,13:48:27,2023-02-16,gsw light adap,Shane,,rhov,003,006,0.376726,2.915724,0.333621,3.869552,1.949760,1.839707,3.107606,1.157845,17.973879,19.049093,30.361202,0.441786,PSF-00338_20230216134827,0.000000,0.000000,0.000000,116.774437,341.166199,0.657720,0.5,0.80,77.214409,59.40,56.04,25.54,24.62,102.35,156.0,153.1,1.9,293,3.605,13:45:16,2023-02-16,7.65,0.007,0.002,0.038,-0.181,0.040,0.310,1,150,0.005,2.000000,0,mpf,10000,500,5.000000,2.000000,300,300,300,336.610779,25,-4.141974,337.017059,337.018860,-0.001801,2.505344,2.504539,1.649727,0.826327,0.266965,-0.008851,0.337270,0.372229,116.774437,0.000377,2.416988,-0.000071,1.000000,2.422773,-0.000075,1.000000,0.602665,0.600994,0.107103,0.000000,PSF-00338_20230216134827,PFA-00366,PSA-00383,PSF-00338,RHS-00157,2.0.0,2022-03-31T18:26:44.181Z
7,13:48:54,2023-02-16,gsw light adap,Shane,,rhov,003,007,0.388928,2.916029,0.343159,4.282643,1.899038,1.777210,3.144901,1.245862,17.363998,18.554312,30.726849,0.441786,PSF-00338_20230216134854,0.000000,0.000000,0.000000,128.614426,329.068787,0.609156,0.5,0.80,51.336639,57.52,53.83,25.63,24.82,102.35,156.0,151.0,3.2,211,3.605,13:45:16,2023-02-16,7.65,-0.000,0.004,0.029,-0.111,-0.139,-0.129,1,150,0.005,2.000000,0,mpf,10000,500,5.000000,2.000000,300,300,300,329.068787,25,7.893897,330.984955,336.972900,-5.987946,2.502286,2.501933,1.650046,0.822582,0.265926,-0.007722,0.338915,0.297427,128.614426,0.000376,2.416988,-0.000071,1.000000,2.422773,-0.000075,1.000000,0.602665,0.600994,0.107103,0.000000,PSF-00338_20230216134854,PFA-00366,PSA-00383,PSF-00338,RHS-00157,2.0.0,2022-03-31T18:26:44.181Z
8,13:49:14,2023-02-16,gsw light adap,Shane,,rhov,003,008,0.394803,2.916572,0.347732,4.525798,1.806480,1.677678,3.106545,1.300065,16.392420,17.650934,30.353731,0.441786,PSF-00338_20230216134914,0.000000,0.000000,0.000000,125.104309,328.686829,0.619381,0.5,0.80,46.411747,54.48,50.60,25.70,24.61,102.34,156.1,152.4,2.4,187,3.606,13:45:16,2023-02-16,7.65,-0.019,-0.002,0.018,-0.115,-0.277,-0.698,1,150,0.005,2.000000,0,mpf,10000,500,5.000000,2.000000,300,300,300,328.686829,25,1.526772,327.901855,330.215576,-2.313721,2.497832,2.497728,1.650613,0.825097,0.265182,-0.010817,0.340098,0.276328,125.104309,0.000378,2.416988,-0.000071,1.000000,2.422773,-0.000075,1.000000,0.602665,0.600994,0.107103,0.000000,PSF-00338_20230216134914,PFA-00366,PSA-00383,PSF-00338,RHS-00157,2.0.0,2022-03-31T18:26:44.181Z
9,13:49:58,2023-02-16,gsw light adap,Shane,,rhov,003,009,0.457728,2.916839,0.395641,5.396907,1.699092,1.545362,3.062727,1.363635,15.099168,16.601204,29.924782,0.441786,PSF-00338_20230216134958,0.000000,0.000000,0.000000,110.520241,297.398132,0.628376,0.5,0.80,108.147179,50.82,46.22,25.84,24.37,102.35,156.1,153.2,1.8,430,3.605,13:45:16,2023-02-16,7.65,-0.006,-0.003,-0.028,-0.047,0.341,3.829,1,150,0.005,2.000000,0,mpf,10000,500,5.000000,2.000000,300,300,300,294.117798,25,-3.064689,294.162140,294.329468,-0.167328,2.491717,2.492577,1.650892,0.826644,0.263705,-0.015053,0.342727,0.495782,110.520241,0.000374,2.416988,-0.000071,1.000000,2.422773,-0.000075,1.000000,0.602665,0.600994,0.107103,0.000000,PSF-00338_20230216134958,PFA-00366,PSA-00383,PSF-00338,RHS-00157,2.0.0,2022-03-31T18:26:44.181Z
10,13:50:22,2023-02-16,gsw light adap,Shane,,rhov,003,010,0.314915,2.915966,0.284220,3.780072,1.783464,1.675814,3.112006,1.328543,16.375044,17.426931,30.408651,0.441786,PSF-00338_20230216135022,0.000000,0.000000,0.000000,106.399658,261.611908,0.593292,0.5,0.80,85.975327,53.10,49.90,25.92,24.64,102.34,156.0,153.9,1.4,362,3.605,13:45:16,2023-02-16,7.65,-0.002,0.002,-0.042,0.327,0.621,1.123,1,150,0.005,2.000000,0,mpf,10000,500,5.000000,2.000000,300,300,300,256.540405,25,-4.676902,256.142731,256.928955,-0.786224,2.496798,2.495745,1.649979,0.827769,0.262897,-0.012949,0.344245,0.434369,106.399658,0.000377,2.416988,-0.000071,1.000000,2.422773,-0.000075,1.000000,0.602665,0.600994,0.107103,0.000000,PSF-00338_20230216135022,PFA-00366,PSA-00383,PSF-00338,RHS-00157,2.0.0,2022-03-31T18:26:44.181Z
11,13:51:13,2023-02-16,gsw light adap,Shane,,rhov,003,011,0.362524,2.917758,0.322459,4.427476,1.749688,1.623735,3.121428,1.371740,15.865889,17.096607,30.500200,0.441786,PSF-00338_20230216135113,0.000000,0.000000,0.000000,133.534668,306.615234,0.564488,0.5,0.80,86.889702,51.65,47.93,26.07,24.69,102.34,156.2,128.4,17.8,385,3.605,13:45:16,2023-02-16,7.65,-0.001,0.000,0.007,-0.253,-0.061,-0.021,1,150,0.005,2.000000,0,mpf,10000,500,5.000000,2.000000,300,300,300,300.437439,25,-5.795049,299.388519,300.812683,-1.424164,2.494037,2.493680,1.651856,0.783669,0.261384,-0.014027,0.347342,0.454727,133.534668,0.000379,2.416988,-0.000071,1.000000,2.422773,-0.000075,1.000000,0.602665,0.600994,0.107103,0.000000,PSF-00338_20230216135113,PFA-00366,PSA-00383,PSF-00338,RHS-00157,2.0.0,2022-03-31T18:26:44.181Z
12,13:51:42,2023-02-16,gsw light adap,Shane,,rhov,003,012,0.305253,2.915686,0.276324,4.066163,1.695711,1.579782,3.165963,1.470252,15.435923,16.568659,30.934376,0.441786,PSF-00338_20230216135142,0.000000,0.000000,0.000000,93.519333,171.453598,0.454550,0.5,0.80,69.717026,49.83,46.42,26.14,24.93,102.34,156.0,153.7,1.4,383,3.605,13:45:16,2023-02-16,7.65,0.006,-0.000,-0.004,-0.829,-0.963,-2.483,1,150,0.005,2.000000,0,mpf,10000,500,5.000000,2.000000,300,300,300,171.453598,25,2.689497,171.347733,174.146576,-2.798843,2.491909,2.491097,1.649687,0.827495,0.260571,-0.012259,0.349111,0.453483,93.519333,0.000378,2.416988,-0.000071,1.000000,2.422773,-0.000075,1.000000,0.602665,0.600994,0.107103,0.000000,PSF-00338_20230216135142,PFA-00366,PSA-00383,PSF-00338,RHS-00157,2.0.0,2022-03-31T18:26:44.181Z
13,13:52:08,2023-02-16,gsw light adap,Shane,,rhov,003,013,0.319735,2.915252,0.288134,3.779702,1.699215,1.591423,3.010832,1.311617,15.550045,16.603302,29.419317,0.441786,PSF-00338_20230216135208,0.000000,0.000000,0.000000,130.912903,306.747528,0.573223,0.5,0.80,53.153992,49.73,46.58,26.21,24.09,102.34,155.9,154.6,0.8,232,3.604,13:45:16,2023-02-16,7.65,-0.016,-0.003,0.009,0.161,-0.092,-1.052,1,150,0.005,2.000000,0,mpf,10000,500,5.000000,2.000000,300,300,300,304.099548,25,-2.347738,301.772827,304.396759,-2.623932,2.492112,2.490949,1.649234,0.829075,0.259884,-0.022377,0.350643,0.316518,130.912903,0.000381,2.416988,-0.000071,1.000000,2.422773,-0.000075,1.000000,0.602665,0.600994,0.107103,0.000000,PSF-00338_20230216135208,PFA-00366,PSA-00383,PSF-00338,RHS-00157,2.0.0,2022-03-31T18:26:44.181Z
14,13:52:23,2023-02-16,gsw light adap,Shane,,rhov,003,014,0.216194,2.916717,0.201275,2.586372,1.760012,1.686380,3.044247,1.284235,16.477686,17.197144,29.745459,0.441786,PSF-00338_20230216135223,0.000000,0.000000,0.000000,104.285362,265.621948,0.607392,0.5,0.80,53.769890,51.40,49.25,26.25,24.27,102.34,156.1,153.9,1.4,221,3.603,13:45:16,2023-02-16,7.65,-0.008,0.003,-0.032,0.036,0.027,-0.499,1,150,0.005,2.000000,0,mpf,10000,500,5.000000,2.000000,300,300,300,260.887390,25,-4.283135,259.681458,261.333252,-1.651794,2.495806,2.493276,1.650764,0.827907,0.259490,-0.020765,0.351568,0.307027,104.285362,0.000380,2.416988,-0.000071,1.000000,2.422773,-0.000075,1.000000,0.602665,0.600994,0.107103,0.000000,PSF-00338_20230216135223,PFA-00366,PSA-00383,PSF-00338,RHS-00157,2.0.0,2022-03-31T18:26:44.181Z
15,13:52:43,2023-02-16,gsw light adap,Shane,,rhov,003,015,0.238644,2.917056,0.220597,3.108432,1.724544,1.636038,3.132511,1.407967,15.985053,16.849808,30.606468,0.441786,PSF-00338_20230216135243,0.000000,0.000000,0.000000,55.126190,144.250549,0.617844,0.5,0.80,80.363914,50.23,47.65,26.29,24.75,102.35,156.1,153.9,1.5,325,3.603,13:45:16,2023-02-16,7.65,0.008,-0.001,0.017,0.139,0.042,0.168,1,150,0.005,2.000000,0,mpf,10000,500,5.000000,2.000000,300,300,300,142.572281,25,-1.352178,142.128830,142.896622,-0.767792,2.493583,2.491626,1.651119,0.827754,0.259035,-0.015939,0.352699,0.400853,55.126190,0.000374,2.416988,-0.000071,1.000000,2.422773,-0.000075,1.000000,0.602665,0.600994,0.107103,0.000000,PSF-00338_20230216135243,PFA-00366,PSA-00383,PSF-00338,RHS-00157,2.0.0,2022-03-31T18:26:44.181Z
16,13:53:17,2023-02-16,gsw light adap,Shane,,rhov,003,016,0.370184,2.916625,0.328491,4.271823,1.837114,1.715584,3.135680,1.298566,16.763165,17.950644,30.639082,0.441786,PSF-00338_20230216135317,0.000000,0.000000,0.000000,120.462296,262.054230,0.540315,0.5,0.80,78.912277,53.27,49.75,26.37,24.77,102.34,156.1,152.9,2.0,365,3.604,13:45:16,2023-02-16,7.65,0.001,0.001,-0.011,-0.114,0.124,1.009,1,150,0.005,2.000000,0,mpf,10000,500,5.000000,2.000000,300,300,300,259.365692,25,-2.295731,259.174713,259.755524,-0.580811,2.496465,2.495859,1.650668,0.826111,0.258263,-0.016603,0.354756,0.436935,120.462296,0.000373,2.416988,-0.000071,1.000000,2.422773,-0.000075,1.000000,0.602665,0.600994,0.107103,0.000000,PSF-00338_20230216135317,PFA-00366,PSA-00383,PSF-00338,RHS-00157,2.0.0,2022-03-31T18:26:44.181Z
17,13:53:56,2023-02-16,gsw light adap,Shane,,rhov,003,017,0.197966,2.913368,0.185370,2.405312,1.871881,1.803300,3.167161,1.295280,17.620203,18.290310,30.946604,0.441786,PSF-00338_20230216135356,0.000000,0.000000,0.000000,79.459908,289.951721,0.725955,0.5,0.80,132.679047,54.01,52.04,26.45,24.93,102.34,155.7,143.3,7.9,457,3.603,13:45:16,2023-02-16,7.65,-0.001,-0.005,0.011,-0.003,-0.017,-0.057,1,150,0.005,2.000000,0,mpf,10000,500,5.000000,2.000000,300,300,300,285.948517,25,-5.189540,281.270386,284.755463,-3.485077,2.499587,2.496864,1.647274,0.809132,0.257403,-0.015682,0.357104,0.519854,79.459908,0.000381,2.416988,-0.000071,1.000000,2.422773,-0.000075,1.000000,0.602665,0.600994,0.107103,0.000000,PSF-00338_20230216135356,PFA-00366,PSA-00383,PSF-00338,RHS-00157,2.0.0,2022-03-31T18:26:44.181Z
18,13:54:18,2023-02-16,gsw light adap,Shane,,rhov,004,001,0.220286,2.913848,0.204803,2.964305,1.853775,1.769278,3.297701,1.443926,17.288914,18.114592,32.224251,0.441786,PSF-00338_20230216135418,0.000000,0.000000,0.000000,73.099136,264.578156,0.723714,0.5,0.80,125.986046,53.35,50.92,26.50,25.61,102.34,155.7,153.7,1.3,435,3.603,13:45:16,2023-02-16,7.65,0.010,0.004,0.002,-0.001,-0.189,-0.694,1,150,0.005,2.000000,0,mpf,10000,500,5.000000,2.000000,300,300,300,253.107193,25,-11.300345,252.832535,253.263168,-0.430634,2.498040,2.495931,1.647773,0.827566,0.256946,-0.008559,0.358381,0.500246,73.099136,0.000380,2.416988,-0.000071,1.000000,2.422773,-0.000075,1.000000,0.602665,0.600994,0.107103,0.000000,PSF-00338_20230216135418,PFA-00366,PSA-00383,PSF-00338,RHS-00157,2.0.0,2022-03-31T18:26:44.181Z
19,13:55:05,2023-02-16,gsw light adap,Shane,,rhov,004,002,0.388842,2.916341,0.343096,5.205013,1.640348,1.491960,3.156443,1.516095,14.579316,16.029356,30.844521,0.441786,PSF-00338_20230216135505,0.000000,0.000000,0.000000,81.543800,287.014862,0.715890,0.5,0.80,119.680984,46.94,42.70,26.59,24.88,102.33,156.0,153.7,1.5,418,3.603,13:45:16,2023-02-16,7.65,0.013,0.003,0.040,-0.072,0.399,0.209,1,150,0.005,2.000000,0,mpf,10000,500,5.000000,2.000000,300,300,300,276.131287,25,-10.709696,274.640686,276.291290,-1.650604,2.486561,2.486896,1.650372,0.827460,0.255974,-0.017913,0.361148,0.484653,81.543800,0.000376,2.416988,-0.000071,1.000000,2.422773,-0.000075,1.000000,0.602665,0.600994,0.107103,0.000000,PSF-00338_20230216135505,PFA-00366,PSA-00383,PSF-00338,RHS-00157,2.0.0,2022-03-31T18:26:44.181Z
20,13:55:31,2023-02-16,gsw light adap,Shane,,rhov,004,003,0.236418,2.914797,0.218681,3.569694,1.600663,1.498730,3.231730,1.631067,14.645187,15.641252,31.579599,0.441786,PSF-00338_20230216135531,0.000000,0.000000,0.000000,83.130600,237.270370,0.649638,0.5,0.80,104.780396,45.67,42.76,26.64,25.27,102.34,155.9,154.2,1.1,403,3.603,13:45:16,2023-02-16,7.65,-0.015,0.004,-0.004,-0.064,0.061,0.038,1,150,0.005,2.000000,0,mpf,10000,500,5.000000,2.000000,300,300,300,230.711823,25,-6.181386,229.648941,231.080978,-1.432037,2.486639,2.485064,1.648761,0.828305,0.255453,-0.014060,0.362704,0.471357,83.130600,0.000378,2.416988,-0.000071,1.000000,2.422773,-0.000075,1.000000,0.602665,0.600994,0.107103,0.000000,PSF-00338_20230216135531,PFA-00366,PSA-00383,PSF-00338,RHS-00157,2.0.0,2022-03-31T18:26:44.181Z
21,13:55:57,2023-02-16,gsw light adap,Shane,,rhov,004,004,0.199235,2.913685,0.186484,2.943779,1.633619,1.549515,3.210789,1.577170,15.141817,15.963677,31.375740,0.441786,PSF-00338_20230216135557,0.000000,0.000000,0.000000,81.154343,234.199509,0.653482,0.5,0.80,108.775131,46.41,44.03,26.71,25.16,102.33,155.7,153.8,1.2,416,3.602,13:55:45,2023-02-16,7.42,-0.009,-0.003,-0.027,-0.003,0.109,0.095,1,150,0.005,2.000000,0,mpf,10000,500,5.000000,2.000000,300,300,300,228.659393,25,-5.196970,227.713104,228.995804,-1.282700,2.488398,2.486427,1.647604,0.827694,0.254727,-0.016102,0.364290,0.483020,81.154343,0.000377,2.416988,-0.000071,1.000000,2.422773,-0.000075,1.000000,0.602665,0.600994,0.107103,0.000000,PSF-00338_20230216135557,PFA-00366,PSA-00383,PSF-00338,RHS-00157,2.0.0,2022-03-31T18:26:44.181Z
22,13:56:21,2023-02-16,gsw light adap,Shane,,rhov,004,005,0.291793,2.915938,0.265250,4.028014,1.563467,1.448511,3.082180,1.518713,14.155017,15.278376,30.119413,0.441786,PSF-00338_20230216135621,0.000000,0.000000,0.000000,68.538666,267.663025,0.743937,0.5,0.80,123.856003,44.30,41.04,26.76,24.48,102.33,156.0,154.1,1.2,416,3.602,13:55:45,2023-02-16,7.42,-0.014,-0.004,-0.017,-0.104,-0.309,-0.536,1,150,0.005,2.000000,0,mpf,10000,500,5.000000,2.000000,300,300,300,259.865295,25,-7.366399,262.512817,260.287079,2.225739,2.484168,2.483380,1.649950,0.828251,0.254242,-0.024304,0.365641,0.483093,68.538666,0.000374,2.416988,-0.000071,1.000000,2.422773,-0.000075,1.000000,0.602665,0.600994,0.107103,0.000000,PSF-00338_20230216135621,PFA-00366,PSA-00383,PSF-00338,RHS-00157,2.0.0,2022-03-31T18:26:44.181Z
23,13:56:39,2023-02-16,gsw light adap,Shane,,rhov,004,006,0.340929,2.915373,0.305234,4.083921,1.568084,1.451488,2.907299,1.339215,14.184208,15.323611,28.410666,0.441786,PSF-00338_20230216135639,0.000000,0.000000,0.000000,84.668396,274.799164,0.691890,0.5,0.80,111.384804,44.36,41.06,26.79,23.51,102.33,155.9,153.7,1.4,402,3.549,13:55:45,2023-02-16,7.42,0.010,-0.003,0.036,0.096,0.088,0.181,1,150,0.005,2.000000,0,mpf,10000,500,5.000000,2.000000,300,300,300,270.191803,25,-4.227414,269.996887,270.566284,-0.569397,2.484189,2.483460,1.649361,0.827564,0.253970,-0.035382,0.366663,0.470670,84.668396,0.000373,2.416988,-0.000071,1.000000,2.422773,-0.000075,1.000000,0.602665,0.600994,0.107103,0.000000,PSF-00338_20230216135639,PFA-00366,PSA-00383,PSF-00338,RHS-00157,2.0.0,2022-03-31T18:26:44.181Z
24,13:57:00,2023-02-16,gsw light adap,Shane,,rhov,004,007,0.333030,2.915087,0.298885,4.563857,1.466787,1.336332,2.995231,1.528444,13.059298,14.334167,29.270884,0.441786,PSF-00338_20230216135700,0.000000,0.000000,0.000000,71.222664,266.494934,0.732743,0.5,0.80,127.516090,41.44,37.75,26.81,24.00,102.33,155.9,152.4,2.2,435,3.601,13:55:45,2023-02-16,7.42,0.011,-0.003,-0.014,-0.182,-0.065,-0.089,1,150,0.005,2.000000,0,mpf,10000,500,5.000000,2.000000,300,300,300,259.515533,25,-6.571437,260.237213,259.914978,0.322235,2.479456,2.479224,1.649063,0.825163,0.253755,-0.030154,0.367817,0.500118,71.222664,0.000373,2.416988,-0.000071,1.000000,2.422773,-0.000075,1.000000,0.602665,0.600994,0.107103,0.000000,PSF-00338_20230216135700,PFA-00366,PSA-00383,PSF-00338,RHS-00157,2.0.0,2022-03-31T18:26:44.181Z
25,13:57:27,2023-02-16,gsw light adap,Shane,,rhov,004,008,0.217602,2.916411,0.202494,3.489369,1.439242,1.339578,3.162883,1.723642,13.091180,14.065154,30.909641,0.441786,PSF-00338_20230216135727,0.000000,0.000000,0.000000,17.435789,52.732464,0.669354,0.5,0.80,95.296173,40.60,37.79,26.84,24.91,102.33,156.0,153.6,1.5,356,3.601,13:55:45,2023-02-16,7.42,-0.009,-0.002,-0.003,0.067,-0.016,-0.086,1,150,0.005,2.000000,0,mpf,10000,500,5.000000,2.000000,300,300,300,44.162392,25,-8.320632,45.177341,44.401051,0.776291,2.479495,2.477984,1.650444,0.827366,0.253482,-0.020334,0.369373,0.428628,17.435789,0.000380,2.416988,-0.000071,1.000000,2.422773,-0.000075,1.000000,0.602665,0.600994,0.107103,0.000000,PSF-00338_20230216135727,PFA-00366,PSA-00383,PSF-00338,RHS-00157,2.0.0,2022-03-31T18:26:44.181Z
26,13:58:26,2023-02-16,gsw light adap,Shane,,rhov,004,009,0.364784,2.913650,0.324195,5.382335,1.465124,1.311088,3.125981,1.660857,12.811821,14.317048,30.546774,0.441786,PSF-00338_20230216135826,0.000000,0.000000,0.000000,70.155144,259.927216,0.730097,0.5,0.80,133.210541,41.24,36.90,26.87,24.71,102.33,155.7,153.8,1.2,456,3.601,13:55:45,2023-02-16,7.42,0.014,0.001,-0.001,0.030,-0.027,0.067,1,150,0.005,2.000000,0,mpf,10000,500,5.000000,2.000000,300,300,300,253.419754,25,-6.069942,255.858780,253.849411,2.009369,2.478212,2.478917,1.647567,0.827715,0.253118,-0.022943,0.372840,0.519157,70.155144,0.000375,2.416988,-0.000071,1.000000,2.422773,-0.000075,1.000000,0.602665,0.600994,0.107103,0.000000,PSF-00338_20230216135826,PFA-00366,PSA-00383,PSF-00338,RHS-00157,2.0.0,2022-03-31T18:26:44.181Z
27,13:59:20,2023-02-16,gsw light adap,Shane,,rhov,005,001,0.261514,2.914354,0.239980,3.880794,1.653740,1.542950,3.268760,1.615020,15.078100,16.160776,31.943169,0.441786,PSF-00338_20230216135920,0.000000,0.000000,0.000000,113.520744,255.671387,0.555990,0.5,0.80,105.546852,46.42,43.31,26.92,25.46,102.33,155.8,154.2,1.0,475,3.543,13:55:45,2023-02-16,7.42,-0.010,-0.005,0.029,-0.114,0.019,-1.708,1,150,0.005,2.000000,0,mpf,10000,500,5.000000,2.000000,300,300,300,250.460388,25,-4.857068,249.391434,250.808029,-1.416595,2.487342,2.486388,1.648299,0.828317,0.252662,-0.015058,0.376127,0.535823,113.520744,0.000379,2.416988,-0.000071,1.000000,2.422773,-0.000075,1.000000,0.602665,0.600994,0.107103,0.000000,PSF-00338_20230216135920,PFA-00366,PSA-00383,PSF-00338,RHS-00157,2.0.0,2022-03-31T18:26:44.181Z
28,13:59:54,2023-02-16,gsw light adap,Shane,,rhov,005,002,0.190139,2.913476,0.178490,2.900860,1.628318,1.545423,3.251784,1.623466,15.102053,15.912107,31.776804,0.441786,PSF-00338_20230216135954,0.000000,0.000000,0.000000,18.091679,39.205315,0.538540,0.5,0.80,79.577286,45.62,43.30,26.95,25.38,102.33,155.7,144.8,7.0,369,3.601,13:55:45,2023-02-16,7.42,-0.016,0.000,-0.011,0.165,-0.268,-1.117,1,150,0.005,2.000000,0,mpf,10000,500,5.000000,2.000000,300,300,300,39.205315,25,1.260237,43.116333,40.467186,2.649147,2.487318,2.485240,1.647387,0.811778,0.252344,-0.016406,0.378249,0.440811,18.091679,0.000381,2.416988,-0.000071,1.000000,2.422773,-0.000075,1.000000,0.602665,0.600994,0.107103,0.000000,PSF-00338_20230216135954,PFA-00366,PSA-00383,PSF-00338,RHS-00157,2.0.0,2022-03-31T18:26:44.181Z
29,14:00:24,2023-02-16,gsw light adap,Shane,,rhov,005,003,0.310446,2.913317,0.280550,4.331249,1.679802,1.556083,3.221785,1.541983,15.206442,16.415459,31.484112,0.441786,PSF-00338_20230216140024,0.000000,0.000000,0.000000,107.509735,277.749237,0.612925,0.5,0.80,77.192551,46.98,43.52,26.98,25.22,102.33,155.7,153.7,1.2,315,3.601,13:55:45,2023-02-16,7.42,0.008,0.004,0.012,-0.062,-0.170,-0.533,1,150,0.005,2.000000,0,mpf,10000,500,5.000000,2.000000,300,300,300,275.282257,25,-2.035697,274.497986,275.710907,-1.212921,2.487615,2.487163,1.647221,0.827558,0.252025,-0.018520,0.379964,0.391525,107.509735,0.000374,2.416988,-0.000071,1.000000,2.422773,-0.000075,1.000000,0.602665,0.600994,0.107103,0.000000,PSF-00338_20230216140024,PFA-00366,PSA-00383,PSF-00338,RHS-00157,2.0.0,2022-03-31T18:26:44.181Z
30,14:01:35,2023-02-16,gsw light adap,Shane,,rhov,005,004,0.279539,2.916785,0.255092,3.777917,1.800376,1.692893,3.278162,1.477786,16.544765,17.595196,32.037704,0.441786,PSF-00338_20230216140135,0.000000,0.000000,0.000000,114.104752,250.504242,0.544500,0.5,0.80,101.392212,50.17,47.18,27.04,25.51,102.32,156.1,154.0,1.3,466,3.600,13:55:45,2023-02-16,7.42,0.008,0.003,-0.014,-0.326,-0.406,0.251,1,150,0.005,2.000000,0,mpf,10000,500,5.000000,2.000000,300,300,300,247.222778,25,-2.953246,246.118423,247.547165,-1.428741,2.492709,2.491654,1.650835,0.828063,0.251417,-0.015935,0.384073,0.527638,114.104752,0.000380,2.416988,-0.000071,1.000000,2.422773,-0.000075,1.000000,0.602665,0.600994,0.107103,0.000000,PSF-00338_20230216140135,PFA-00366,PSA-00383,PSF-00338,RHS-00157,2.0.0,2022-03-31T18:26:44.181Z
31,14:02:08,2023-02-16,gsw light adap,Shane,,rhov,005,005,0.269388,2.916096,0.246606,3.677719,1.734878,1.630114,3.223970,1.489092,15.930088,16.953882,31.505850,0.441786,PSF-00338_20230216140208,0.000000,0.000000,0.000000,127.453568,338.409088,0.623374,0.5,0.80,118.139183,48.27,45.35,27.07,25.23,102.33,156.0,153.5,1.6,474,3.600,13:55:45,2023-02-16,7.42,-0.026,-0.002,-0.056,-0.342,-0.752,-1.800,1,150,0.005,2.000000,0,mpf,10000,500,5.000000,2.000000,300,300,300,336.367950,25,-1.534202,336.254608,336.872894,-0.618286,2.490157,2.488962,1.650115,0.827170,0.251129,-0.019417,0.385927,0.535100,127.453568,0.000369,2.416988,-0.000071,1.000000,2.422773,-0.000075,1.000000,0.602665,0.600994,0.107103,0.000000,PSF-00338_20230216140208,PFA-00366,PSA-00383,PSF-00338,RHS-00157,2.0.0,2022-03-31T18:26:44.181Z
32,14:03:04,2023-02-16,gsw light adap,Shane,,rhov,005,006,0.321015,2.915080,0.289170,4.149952,1.841908,1.723727,3.273705,1.431796,16.845448,18.000393,31.992889,0.441786,PSF-00338_20230216140304,0.000000,0.000000,0.000000,127.861259,276.911316,0.538259,0.5,0.80,108.901039,51.12,47.84,27.11,25.49,102.33,155.9,153.5,1.5,506,3.599,13:55:45,2023-02-16,7.42,-0.002,0.002,-0.010,0.167,-1.614,0.309,1,150,0.005,2.000000,0,mpf,10000,500,5.000000,2.000000,300,300,300,272.387970,25,-4.145689,271.431671,272.760254,-1.328583,2.493605,2.492957,1.649055,0.827101,0.250710,-0.017003,0.389140,0.564019,127.861259,0.000383,2.416988,-0.000071,1.000000,2.422773,-0.000075,1.000000,0.602665,0.600994,0.107103,0.000000,PSF-00338_20230216140304,PFA-00366,PSA-00383,PSF-00338,RHS-00157,2.0.0,2022-03-31T18:26:44.181Z
1,14:03:51,2023-02-16,gsw light adap,Shane,,rhov,005,007,0.239702,2.915404,0.221491,3.882692,1.550266,1.439407,3.301429,1.751163,14.067394,15.150820,32.265015,0.441786,PSF-00338_20230216140351,0.000000,0.000000,0.000000,164.130447,282.166962,0.418322,0.5,0.80,84.928352,42.89,39.83,27.17,25.63,102.32,155.9,153.6,1.5,508,3.599,14:03:32,2023-02-16,7.70,-0.009,-0.000,0.012,-0.627,-1.634,-4.237,1,150,0.005,2.000000,0,mpf,10000,500,5.000000,2.000000,300,300,300,274.828796,25,-7.310677,271.290070,274.846802,-3.556732,2.482339,2.480862,1.649393,0.827278,0.250204,-0.015986,0.305717,0.565602,164.130447,0.000372,2.416988,-0.000071,1.000000,2.422773,-0.000075,1.000000,0.602665,0.600994,0.107103,0.000000,PSF-00338_20230216140351,PFA-00366,PSA-00383,PSF-00338,RHS-00157,2.0.0,2022-03-31T18:26:44.181Z
2,14:04:44,2023-02-16,gsw light adap,Shane,,rhov,005,008,0.300830,2.914694,0.272686,5.116879,1.372867,1.226420,3.249703,1.876836,11.984889,13.416014,31.756937,0.441786,PSF-00338_20230216140444,0.000000,0.000000,0.000000,178.389069,342.968658,0.479868,0.5,0.80,86.140778,37.90,33.86,27.20,25.37,102.33,155.8,154.3,1.0,449,3.599,14:03:32,2023-02-16,7.70,-0.010,-0.003,-0.029,-0.175,-0.181,-0.235,1,150,0.005,2.000000,0,mpf,10000,500,5.000000,2.000000,300,300,300,334.379547,25,-8.766869,330.500366,334.190430,-3.690063,2.473701,2.473512,1.648653,0.828621,0.249833,-0.019405,0.311652,0.512502,178.389069,0.000368,2.416988,-0.000071,1.000000,2.422773,-0.000075,1.000000,0.602665,0.600994,0.107103,0.000000,PSF-00338_20230216140444,PFA-00366,PSA-00383,PSF-00338,RHS-00157,2.0.0,2022-03-31T18:26:44.181Z
3,14:05:13,2023-02-16,gsw light adap,Shane,,rhov,005,009,0.272863,2.914714,0.249505,5.149796,1.265436,1.117904,3.329937,2.064502,10.925382,12.367222,32.543789,0.441786,PSF-00338_20230216140513,0.000000,0.000000,0.000000,117.143867,300.805634,0.610566,0.5,0.80,114.920082,34.86,30.80,27.24,25.78,102.32,155.8,152.8,1.9,471,3.599,14:03:32,2023-02-16,7.70,0.001,0.002,0.025,0.555,0.482,0.999,1,150,0.005,2.000000,0,mpf,10000,500,5.000000,2.000000,300,300,300,293.981567,25,-6.374554,292.642242,294.422821,-1.780579,2.469160,2.468922,1.648673,0.825911,0.249475,-0.015191,0.314506,0.532171,117.143867,0.000376,2.416988,-0.000071,1.000000,2.422773,-0.000075,1.000000,0.602665,0.600994,0.107103,0.000000,PSF-00338_20230216140513,PFA-00366,PSA-00383,PSF-00338,RHS-00157,2.0.0,2022-03-31T18:26:44.181Z
4,14:05:57,2023-02-16,gsw light adap,Shane,,rhov,005,010,0.278616,2.916583,0.254321,4.934790,1.380330,1.239320,3.320234,1.939904,12.111521,13.489568,32.447685,0.441786,PSF-00338_20230216140557,0.000000,0.000000,0.000000,129.548553,312.519135,0.585470,0.5,0.80,110.865891,37.87,34.00,27.31,25.73,102.33,156.1,154.2,1.2,473,3.598,14:03:32,2023-02-16,7.70,0.001,-0.001,-0.022,0.336,0.563,0.346,1,150,0.005,2.000000,0,mpf,10000,500,5.000000,2.000000,300,300,300,311.213837,25,-0.891546,311.206329,311.626434,-0.420105,2.473885,2.473441,1.650624,0.828368,0.248772,-0.016561,0.318676,0.534753,129.548553,0.000382,2.416988,-0.000071,1.000000,2.422773,-0.000075,1.000000,0.602665,0.600994,0.107103,0.000000,PSF-00338_20230216140557,PFA-00366,PSA-00383,PSF-00338,RHS-00157,2.0.0,2022-03-31T18:26:44.181Z
5,14:06:19,2023-02-16,gsw light adap,Shane,,rhov,005,011,0.435827,2.915893,0.379156,6.163866,1.359827,1.183562,2.988009,1.628183,11.566381,13.288932,29.200380,0.441786,PSF-00338_20230216140619,0.000000,0.000000,0.000000,79.373718,212.786438,0.626979,0.5,0.80,116.842346,37.24,32.41,27.34,23.96,102.33,156.0,153.5,1.6,466,3.597,14:03:32,2023-02-16,7.70,0.002,-0.001,0.031,-1.370,-1.976,-1.294,1,150,0.005,2.000000,0,mpf,10000,500,5.000000,2.000000,300,300,300,212.786438,25,1.996692,215.197205,214.785721,0.411484,2.471534,2.472487,1.649904,0.827059,0.248454,-0.036660,0.320538,0.527968,79.373718,0.000377,2.416988,-0.000071,1.000000,2.422773,-0.000075,1.000000,0.602665,0.600994,0.107103,0.000000,PSF-00338_20230216140619,PFA-00366,PSA-00383,PSF-00338,RHS-00157,2.0.0,2022-03-31T18:26:44.181Z
6,14:09:28,2023-02-16,gsw light adap,Shane,,rhov,005,012,0.457893,2.917173,0.395771,7.221382,1.295586,1.089191,3.122089,1.826503,10.645885,12.663218,30.515675,0.441786,PSF-00338_20230216140928,0.000000,0.000000,0.000000,121.187210,302.733917,0.599691,0.5,0.80,101.356522,35.56,29.89,27.31,24.69,102.31,156.1,152.7,2.2,423,3.548,14:03:32,2023-02-16,7.70,-0.012,-0.002,-0.014,0.400,0.913,1.939,1,150,0.005,2.000000,0,mpf,10000,500,5.000000,2.000000,300,300,300,298.434723,25,-3.829933,298.598175,298.899017,-0.300842,2.467788,2.469962,1.651242,0.825742,0.248823,-0.028097,0.336340,0.488801,121.187210,0.000379,2.416988,-0.000071,1.000000,2.422773,-0.000075,1.000000,0.602665,0.600994,0.107103,0.000000,PSF-00338_20230216140928,PFA-00366,PSA-00383,PSF-00338,RHS-00157,2.0.0,2022-03-31T18:26:44.181Z